rep,est,se,IRR,IRR_CI_Lower,IRR_CI_Upper,n_event
1,1.12293187700187,0.0939280369527708,3.07385316432297,2.55700411965464,3.69517327062206,880
2,1.192568104931,0.0930832749141776,3.29553362554336,2.74595312944883,3.95510825025148,851
3,1.01014356798343,0.0992336240669258,2.74599522371515,2.26064289299149,3.33555104702457,856
4,1.11393197777632,0.0921518342477017,3.04631291125338,2.54293188691542,3.64933972514919,917
5,1.05184118551047,0.0955845588888543,2.86291743053712,2.37381625101898,3.45279303339293,890
6,1.05576341875489,0.0963529966304088,2.87416851071574,2.37955861727204,3.47158694390992,874
7,1.13599392484984,0.0946989545800547,3.11426735285419,2.58671151719724,3.74941738983023,855
8,0.992001844806021,0.0978877627319594,2.69662730210271,2.22586444622754,3.2669549211634,888
9,1.1994737297015,0.0911328290418806,3.31837010350243,2.77557148620481,3.967319955025,884
10,0.913445821117729,0.0994986200115764,2.49289783041838,2.05121460795873,3.02968766349079,905
11,1.14385517284538,0.0907775210240244,3.13884586314416,2.62724166970992,3.75007501828527,923
12,1.0557636780397,0.0952334608629958,2.8741692559441,2.38478631425254,3.46397866443788,893
13,1.07808829834368,0.0942940681727765,2.93905557968091,2.44311855798674,3.53566455963223,896
14,1.15179041213384,0.091415226914618,3.16385244153169,2.64486456474117,3.78467858249884,910
15,1.01312467768445,0.0976577639468065,2.75419355070001,2.27440613220766,3.33519242992656,875
16,1.02512534612279,0.0977127894192396,2.78744483407154,2.30161672067133,3.37582214849647,866
17,1.17164510387862,0.0912307962013904,3.22729751345378,2.69887772459407,3.8591778891767,906
18,1.24452722090056,0.0905235197075362,3.47129325642414,2.90694988649397,4.14519594165721,870
19,1.2404552466251,0.0887613130227754,3.45718697927158,2.9051536192302,4.11411697148462,905
20,0.969167493438504,0.100708473587974,2.63574926716561,2.1636194968347,3.21090386249872,850
21,1.03456951332225,0.0958658261638531,2.81389463070178,2.3318826525259,3.39554093089355,893
22,1.13334203041517,0.0940330675276566,3.10601958553077,2.58323013124879,3.73461022655267,866
23,1.10266336757839,0.0948491280474636,3.01217788686665,2.50117968015697,3.62757449779018,870
24,1.03758915838066,0.0966314265149298,2.82240443554712,2.33542769795498,3.41092417666,878
25,1.06481526295557,0.0949383341764063,2.90030314113588,2.40786279551759,3.49345416447388,893
26,0.968570882264881,0.0998044963468581,2.63417721869943,2.16616357242648,3.20330823943377,870
27,1.0685255673579,0.0945911825466828,2.91108413666821,2.41845826437925,3.50405503190953,895
28,0.99856654909075,0.0955781608323167,2.71438809630412,2.2506899106036,3.27361965886342,924
29,1.19483068571034,0.0921073093467591,3.30299847831384,2.75744265709402,3.95649168611942,868
30,1.27761524174756,0.0878929320058699,3.58807282835214,3.02027612860653,4.26261244778926,905
31,0.982857804726036,0.097417410302628,2.6720816283128,2.20763805158674,3.23423498849139,902
32,0.879248829748069,0.104804884819328,2.40908939029029,1.961746268898,2.95844155914692,841
33,1.10989056322387,0.0928136612412838,3.03402634220507,2.52939243572405,3.63933872624206,903
34,1.03429211172697,0.0962331286639746,2.81311416009916,2.32955822227342,3.39704378370397,892
35,0.994690494267295,0.09670008342595,2.70388734312499,2.23705845568195,3.26813398449295,912
36,0.989185918209192,0.0966688407013743,2.68904447890837,2.2249144646098,3.24999469623013,909
37,1.18409336107169,0.0926456649332964,3.26772283330786,2.72511654083241,3.91836912488881,865
38,1.18915876369848,0.0933741165830836,3.28431715811772,2.73504765022357,3.94389443058688,845
39,0.980421738786845,0.0954788621762333,2.6655801834607,2.21065003913726,3.21413049947577,940
40,1.27178681282037,0.0881088581482169,3.56722082711961,3.00145335831649,4.23963424058449,904
41,0.991769178154669,0.0978897993665527,2.69599995984202,2.22533773907687,3.26620793591687,887
42,1.07326740162032,0.095733613370395,2.92492079481167,2.42451854686846,3.52860227321077,873
43,0.951517495386726,0.101020657141704,2.58963644047787,2.12446635906738,3.15665949014833,855
44,1.10708221286082,0.095595496427718,3.02551768646083,2.50858408090093,3.64897367434455,856
45,1.06668726282548,0.100075182466867,2.90573759329863,2.38820851472911,3.53541615358767,807
46,1.01979051147408,0.0985336358727698,2.77261387232831,2.28569042461187,3.36326722212732,852
47,1.2324785182457,0.0901284527953581,3.42971963320189,2.87435987356212,4.09238135786838,886
48,0.993065572262951,0.0995513986913653,2.69949730478477,2.22097972526094,3.2811131122253,856
49,1.06861319999502,0.0980641674815936,2.91133925382613,2.40226240857085,3.52829741689683,832
50,0.807098513963826,0.103365125327969,2.24139516604067,1.83034887555569,2.7447512096978,908
51,1.25915591264261,0.0888637453087488,3.52244697920738,2.95939889679454,4.19261922911659,894
52,1.16523455394507,0.0906046542379269,3.20667493325737,2.68492473203706,3.82981467036494,912
53,1.00016840698394,0.0971183053519141,2.71873964465192,2.24750345866016,3.28878036957883,900
54,1.22404080258483,0.09296157270909,3.4009023810008,2.83442605834537,4.08059224937016,836
55,1.34712968748467,0.08703918067481,3.84636938880118,3.24312064441569,4.5618276645309,880
56,1.14900458696913,0.0930626488662395,3.15505076743758,2.62900420939427,3.78635580328794,879
57,1.17387413058592,0.0929519514167684,3.23449926927485,2.69579096152157,3.88085933674714,861
58,1.17349247750331,0.095379884394753,3.23326504819514,2.68196930302421,3.89788311897988,824
59,1.190845900869,0.088932593633203,3.28986292859723,2.76361946317388,3.91631273161191,933
60,1.17826219002781,0.0950161477248812,3.24872363017949,2.69671391304463,3.91372817644226,828
61,1.15962891970421,0.0911743153320347,3.18874977433321,2.66693679321824,3.81266070840774,906
62,1.06920882791927,0.0946404578883299,2.91307384531696,2.41987754821633,3.5067886945456,897
63,1.21499986837501,0.0897081266214112,3.3702936207067,2.82688435648131,4.01816192577294,903
64,1.00921753405666,0.0988213355024968,2.74345351601065,2.26037623607422,3.32977186469768,858
65,1.1134548281632,0.0942326016047431,3.04485971095087,2.53137421395481,3.66250497783467,874
66,0.879310429514723,0.103814080829365,2.40923779420536,1.96568064585126,2.95288390882734,857
67,0.878691785617007,0.100996097025266,2.40774779488284,1.97534501229924,2.93480349390478,901
68,1.14057268212215,0.0920022831799864,3.12855952236189,2.61235345148954,3.74676890655063,905
69,0.93312727763648,0.0991707737016154,2.54244769799729,2.0933300699346,3.08792215326735,904
70,1.09924061938663,0.0944498712645535,3.00188558447885,2.49458472724289,3.61235157254473,881
71,1.16156283418795,0.0899365625112839,3.19492251055497,2.67858966277116,3.81078520175076,930
72,1.18900169646026,0.0926646180047545,3.28380134000239,2.73842347995267,3.93779534814237,867
73,1.16891379909387,0.0922032787754429,3.21849480722265,2.686391097544,3.85599432397967,882
74,1.04916561431565,0.0948340960980529,2.85526772935037,2.3709582574277,3.43850583650279,906
75,1.05039012088666,0.0959651008355454,2.85876616493851,2.36860690725265,3.45035892649513,879
76,0.942470059288532,0.0988089353898274,2.56631254011422,2.11447827709888,3.11469742909046,899
77,1.05071147231595,0.0937663584217736,2.85968498115515,2.37960090547648,3.43662593698956,926
78,1.22314614650376,0.0900961672628804,3.397861103656,2.84784026008502,4.05411084377103,888
79,1.2437646876802,0.0899243360286103,3.46864728894576,2.90814734644891,4.13717483393758,882
80,0.795626526227856,0.107980929799465,2.21582883688232,1.79317500207791,2.73810276669579,845
81,1.17196633730745,0.0922057613547748,3.2283343958316,2.69459082637221,3.86780169712851,882
82,1.13042183138575,0.0936406200894072,3.09696262065793,2.57767953328106,3.72085720894251,875
83,0.988473616070694,0.0978905857914289,2.68712974878966,2.21801265276301,3.25546667997384,885
84,1.13058466555624,0.0965155521191063,3.09746695305744,2.56361317387911,3.74249189504883,827
85,1.14341696054452,0.0966191422395736,3.13747068360873,2.59619502584406,3.79159585181931,818
86,0.997101994090609,0.0979337669697933,2.71041563529922,2.23704396967709,3.28395553044713,876
87,1.10608098681132,0.0938146588872053,3.02248997530452,2.5148361043468,3.63262068451539,887
88,1.08825755243388,0.0926506050586942,2.96909606845476,2.47605285957563,3.56031634366014,923
89,1.07386862559126,0.0980665536765951,2.92667985604851,2.41490925854501,3.54690552015227,836
90,1.21936450003241,0.0903630161503799,3.3850358597567,2.83560762166219,4.04092148867975,886
91,1.0180289231455,0.0984931423973038,2.76773396754473,2.28184861687381,3.35708129735431,854
92,1.13633072021301,0.0923065488485712,3.11531640030555,2.59974459869851,3.73313450824029,897
93,1.03620967365692,0.0936698224599585,2.81851365599656,2.34578522172208,3.3865074924495,934
94,1.05813526901742,0.0927826299181108,2.88099369901509,2.40195900380465,3.45556467892142,935
95,1.09554208248461,0.0923393399926715,2.99080350623948,2.49567766549904,3.58415901884738,927
96,1.20649042983125,0.0924887405096844,3.34173599128571,2.78769706278455,4.00588700419971,855
97,0.881464618097969,0.104309408334485,2.41443334084041,1.96800813943583,2.96212614193402,848
98,1.13753945019967,0.0916556815663897,3.11908425335625,2.60621145068386,3.73288459652119,912
99,0.916620495491844,0.0994690578503882,2.50082454498922,2.05785612431642,3.0391451233735,909
100,1.04178912037134,0.0944364176505838,2.83428335494203,2.35536838726263,3.41057567875293,918
101,1.00379821311683,0.0963780161926621,2.72862607454486,2.25895151106718,3.29595399379277,906
102,1.19392310479119,0.0923929558010385,3.30000209985257,2.75339924928353,3.95511615755147,861
103,1.16000172819151,0.0928158207084715,3.18993878893655,2.65936151601305,3.82637314103031,873
104,1.11283761652885,0.0928121526507675,3.04298096796297,2.53686518585088,3.65006907857387,903
105,0.976036227660455,0.100317831755398,2.65391584763983,2.18020059890234,3.2305602199632,849
106,1.13864068982941,0.0919920574049621,3.12252100454054,2.60736353369417,3.73946221836685,904
107,1.03481193264858,0.0977820089154442,2.81457685583146,2.32370458689749,3.4091437104572,861
108,0.859190242300387,0.100880306565169,2.36124788070069,1.93763561509445,2.87747165188318,916
109,1.12195654660318,0.0932133399433125,3.07085660344672,2.55809222850816,3.68640355255362,890
110,0.992263476099098,0.099131001295867,2.69733291649208,2.22102829326715,3.27578216110395,864
111,1.02870263840695,0.0977365059589875,2.79743419574935,2.30975765263902,3.3880775632918,865
112,1.21737811188275,0.0882888886111272,3.37831853845117,2.84150849102515,4.01654127844092,927
113,1.06253326861496,0.0960513553884056,2.89369221170242,2.3971393079446,3.49310304508209,873
114,1.21569889631312,0.0903303261997822,3.37265037372936,2.82541345671823,4.02587823611089,891
115,1.18072241258223,0.0919977304422246,3.25672605316195,2.71939702638286,3.90022658789603,874
116,1.08701678001945,0.0936608435962246,2.96541438049799,2.46809080868524,3.56294931171869,904
117,1.07030145310765,0.0964621276587012,2.91625848266661,2.413889041469,3.5231791485119,864
118,1.17919552915414,0.0909849561088921,3.2517572065117,2.72064311594402,3.8865534652941,900
119,0.988924167584353,0.100377582535607,2.68834071194553,2.20822211950989,3.27284819749376,850
120,0.904237840185732,0.101613086239667,2.47004863365703,2.02400829714756,3.01438500090602,874
121,0.970308606456511,0.0998427210614968,2.63875867167535,2.16976847661795,3.20911996020667,865
122,0.930822734374443,0.0987146893600005,2.53659526347022,2.0903792283409,3.07806136007502,913
123,1.15920933815801,0.0911868169910161,3.18741211442078,2.66575271126805,3.81115470471513,905
124,1.21401610059596,0.0903051484818377,3.36697966478553,2.82080205718635,4.01891087472727,892
125,0.954230685315134,0.0976436685148234,2.59667215628699,2.14438460055377,3.14435492844655,916
126,1.27013560591519,0.0901337438030534,3.56133546776778,2.98463277035434,4.24947097008353,863
127,0.979213170102432,0.0994756650256227,2.66236059266537,2.19075109178292,3.23549487295194,865
128,1.00595335016996,0.0964058073836174,2.73451297896662,2.26370180432948,3.30324480805537,904
129,1.2392861409745,0.0907847875310659,3.4531475241739,2.8902737680576,4.12563956933463,872
130,1.22972607521457,0.0930330558566353,3.42029250506693,2.8501870860777,4.10443260983118,830
131,1.12437178829774,0.0925743537844851,3.07828242832448,2.56749159444882,3.69069278708408,898
132,1.23034539206716,0.0926761214994432,3.42241140592388,2.8539486645555,4.10410319458991,836
133,1.19756971819457,0.0927405170039154,3.31205789980227,2.7615763140028,3.97227028491654,858
134,0.999434591644061,0.0979462756772724,2.71674532361671,2.24221321143877,3.29170531853982,879
135,1.09031308691943,0.0940183236885778,2.97520542465945,2.47450545180754,3.5772187579773,896
136,1.17120151853189,0.0919129673703572,3.2258662490347,2.6940763349939,3.8626273953313,886
137,0.974384406805315,0.0998497131981834,2.649535672723,2.17860021002579,3.22227054267502,861
138,1.07270869301638,0.0953357826115965,2.92328707282752,2.42505448616749,3.52388260094964,884
139,1.06403029786277,0.0942068540830925,2.89802739771799,2.4094253058502,3.48571203993416,907
140,1.00475983428114,0.0975777681391701,2.73125124113321,2.25581408934871,3.30689190098348,884
141,1.25221570129763,0.0885037287921736,3.49808508883974,2.94100564906532,4.16068540794944,907
142,1.11242061515644,0.0941828326042407,3.04171230525854,2.52900426794991,3.65836225158339,881
143,1.03427254947849,0.0962230279818449,2.81305912979922,2.32955876907837,3.39691008133589,890
144,1.16012906202553,0.0918322755776505,3.1903450019346,2.66483224794626,3.81949041603401,891
145,0.992220858311989,0.0963065883919069,2.6972179645816,2.23326226055408,3.25755952489733,916
146,1.07600562527747,0.0925633773560139,2.93294085747885,2.44631971824795,3.51636051874268,930
147,1.16921575529171,0.0925418583145502,3.21946679841941,2.68541974656081,3.85971931553688,876
148,1.07551251388616,0.0965162311195594,2.93149494745866,2.4262435012185,3.54196214133486,859
149,1.17109713104536,0.0939519519743072,3.2255295265402,2.68305129262205,3.87768983589396,847
150,1.13715013670489,0.0936735120200278,3.1178701881064,2.5949141334478,3.74621818293711,874
151,1.23035048722764,0.0866851421123383,3.42242884370365,2.88767225850235,4.05621488232513,956
152,1.03623828766341,0.0958331465349991,2.81859430611844,2.33592690061091,3.40099420936742,897
153,1.17901386922071,0.0926263899115961,3.25116654616533,2.71141186053785,3.89836898803263,865
154,0.90642856231226,0.0994319600182872,2.47546575539009,2.0371372261483,3.00810894202514,913
155,1.02413297812845,0.0957640099665352,2.78468003510812,2.30813298832878,3.35961703122851,901
156,1.01965885155541,0.0976775942158229,2.77224885424102,2.2892271803894,3.357186991172,869
157,0.975640988984562,0.0994343026251783,2.65286712471587,2.18311626846144,3.22369636609326,869
158,1.09961143076798,0.093378327441814,3.00299892422586,2.50075646485294,3.60610985741548,904
159,1.23232571986317,0.0892481623992576,3.42919561762477,2.87888347265733,4.08470252291335,904
160,1.18774282012423,0.0901381283719047,3.27967004114599,2.7485550435592,3.91341465181716,906
161,1.15978793439676,0.0917988475277195,3.18925687271517,2.66409789511934,3.81793755356924,896
162,1.13818701546855,0.0933093190604518,3.12110471811025,2.59946098659768,3.7474286829594,881
163,1.16149344796212,0.0945623211037977,3.19470083463086,2.65423029330903,3.84522528000657,838
164,1.2049512214026,0.0908674772890153,3.33659631960934,2.79226819467112,3.98703642482373,885
165,1.0256804004845,0.0969266594169272,2.78899244694962,2.30644560153871,3.3724961316897,884
166,0.966249731929144,0.0942811594958306,2.62806998800615,2.18466403040505,3.16147094735573,975
167,0.919501628479832,0.100368663017777,2.50804014263982,2.06015796888988,3.05329273389764,887
168,0.974894137524042,0.0973617389842915,2.65088656671259,2.19036596164692,3.20823082198262,908
169,0.979463120703508,0.0974110110997209,2.66302613446861,2.2001841188536,3.22323397032698,901
170,1.16163140595351,0.0935071496198835,3.1951415995439,2.6600921376328,3.8378106144176,861
171,1.01569730528876,0.093542360400823,2.76128818707192,2.29873195703929,3.31692106542225,951
172,1.06010344663483,0.0941733770379654,2.88666959007804,2.40013988083785,3.47182320030966,913
173,1.10263112352347,0.094836922771253,3.01208076360327,2.50115886504329,3.62737075731966,873
174,1.12318332551329,0.0943036122978862,3.07462617730789,2.55576512789301,3.69882428827891,866
175,1.08025221948355,0.0943224308026208,2.94542235029141,2.44827489529718,3.54352072075758,895
176,1.14554421753961,0.0947900568347628,3.14415199397991,2.61106744387307,3.78607292754725,843
177,1.1800313696269,0.0910043410829043,3.25447629299547,2.72281463801894,3.88995115340489,899
178,1.25734806528685,0.0885495993657735,3.51608468551097,2.95587300291337,4.1824704591502,901
179,1.10259529874481,0.0933942435631445,3.01197285840945,2.50815129270845,3.61699891317113,904
180,1.03103617640913,0.0939717236513681,2.80396973725527,2.33230018036409,3.37102674588655,933
181,0.963096962089161,0.0998135422180339,2.61979733594704,2.15430036487426,3.18587797381531,873
182,1.08019798369285,0.0965390102182792,2.94526260731322,2.43752943706579,3.5587557196764,855
183,1.11597774990024,0.0938552263559442,3.05255135232662,2.53964647045154,3.66904207613367,882
184,1.07168314322179,0.0946292375104221,2.92029063313214,2.42592585115888,3.51539902915226,894
185,0.987292200186817,0.0999469290006523,2.68395700555605,2.206482942172,3.26475454216853,851
186,1.28570566574402,0.08736957009016,3.6172196047701,3.04793543550381,4.29283295069877,909
187,1.17720196784656,0.0912862931406101,3.24528108657907,2.71362158512766,3.88110464208751,894
188,0.939960577773591,0.09921850951176,2.55988050015142,2.10748622044486,3.10938601234234,897
189,1.16052127991897,0.0905579226269667,3.19159655775586,2.67254449519246,3.81145706116503,923
190,1.05036823676248,0.0987019223084108,2.85870360402929,2.35588398880749,3.46884071308907,834
191,0.963452774798738,0.0969068195479437,2.62072965899204,2.16737963980378,3.16890673852706,922
192,1.17399999203123,0.0929059845546801,3.23490639364782,2.69637319349159,3.88099815000486,868
193,1.20532345721518,0.0902434107371331,3.33783855143885,2.79672648945331,3.98364525007564,900
194,1.12600904898691,0.0929091504046033,3.08332650724385,2.57001172295978,3.69916692026751,892
195,1.0981081012238,0.0978600016357339,2.99848781891046,2.47516243084326,3.63246027336125,821
196,1.0909791672843,0.0947475050822246,2.9771878107152,2.47261790442705,3.58472178188205,879
197,1.21472621517356,0.0915667557272913,3.36937145525009,2.81583451831704,4.03172272006927,872
198,1.08479378942977,0.0954318020676154,2.95882961388441,2.45407742028014,3.56739873471473,872
199,0.87196901443171,0.103785616921922,2.39161534552845,1.9514114732115,2.93112141620949,859
200,0.942995695925556,0.0955962563592467,2.5676618425977,2.12895335517108,3.09677397201709,964
201,1.08955566810172,0.0981964383275059,2.97295280128163,2.45246633503903,3.60390201177121,820
202,1.12303740745564,0.0964462679497274,3.07417756655909,2.54468328384198,3.71384830903854,832
203,1.18427031482883,0.0910336185935648,3.26830112030403,2.73422409520904,3.90669961240463,893
204,1.15938367177701,0.0899023776095323,3.18796783594901,2.67293802021307,3.80223516078209,934
205,1.06953198346761,0.0956905941481042,2.91401537341461,2.4156825227176,3.51514965921264,878
206,1.0751726347323,0.0942681187214871,2.93049876273717,2.43612951898633,3.52519146928506,898
207,1.13089056835265,0.0968995798697313,3.09841462180006,2.56246806434163,3.74645573233746,821
208,0.936628082061975,0.100504799918638,2.5513639079976,2.09518591975159,3.1068640399247,876
209,1.02594220556145,0.0997830254410579,2.78972271492155,2.29416987864452,3.39231758667649,829
210,1.19252376508239,0.0883922281971991,3.2953875053208,2.7711937424065,3.91873676821818,943
211,1.08538222769229,0.0947261431713913,2.96057121480355,2.45892041685428,3.56456510663997,882
212,1.0617037227523,0.095281445842888,2.89129275666697,2.39876859557922,3.48494382499466,890
213,1.11583873348397,0.0945775334155811,3.05212702707192,2.53570111873937,3.67372925797111,869
214,1.34428775907935,0.0859910003919674,3.83545380038489,3.24056758596911,4.53954607167606,901
215,1.11905015227824,0.091831770773521,3.06194444064494,2.55758432237464,3.66576525965392,923
216,1.06594983583819,0.095298715063624,2.90359561385315,2.40889415787013,3.49989120993244,889
217,0.99279988622762,0.0967226014858814,2.69878018131754,2.23273450754275,3.2621050297145,903
218,0.971636532215899,0.0989778426895234,2.6422650748946,2.17633773331919,3.20794177260346,878
219,0.90964600000688,0.100752055974903,2.4834432388694,2.03842122501573,3.02562112530914,886
220,1.19164016388794,0.0886396589855629,3.29247698304479,2.76740380080839,3.91717489175707,940
221,1.05063803354004,0.0952084249880482,2.85947497710198,2.37271044542507,3.4460998645823,897
222,0.970522934065053,0.0957828877805189,2.63932429112274,2.18757127960271,3.18436833517748,945
223,1.18716833407587,0.0926779096831777,3.2777864575622,2.73333634910992,3.93068495389408,861
224,1.23708226886365,0.0920771000310455,3.44554560855256,2.87661561369288,4.12699718520104,843
225,1.14070640861396,0.09512448453907,3.12897792162616,2.59676345572773,3.77027134005174,845
226,1.20412776974443,0.0931386380518529,3.33384992475417,2.77757819067537,4.00152743065745,843
227,1.05137168181988,0.0952075535520675,2.86157359573,2.37445587458882,3.4486231272658,897
228,0.873452574199422,0.104769583092071,2.39516608304933,1.9505433302519,2.94113977188551,843
229,1.13387915249163,0.0939838022744639,3.10768834534384,2.58486759178927,3.73625592369347,868
230,1.09891508288731,0.092688913772794,3.00090852019799,2.50239469180875,3.59873363545528,919
231,1.11588444317952,0.0935141990956019,3.05226654205766,2.54110742703773,3.66624840203039,888
232,0.923565447807254,0.100375749959023,2.5182531024018,2.06851838086997,3.06576859379377,889
233,1.07941111916722,0.0946636498038962,2.94294599619793,2.44458108998093,3.54291014196014,890
234,1.10452576492752,0.0944857621599269,3.01779298612823,2.50762746745939,3.63174938275484,878
235,1.07365788822663,0.0957293158386699,2.92606316023124,2.42548590355655,3.52995068126679,874
236,1.16467431521776,0.089660476743474,3.20487893291532,2.68839136715871,3.8205929018065,935
237,1.1876241137336,0.0910504628548209,3.27928074645931,2.7433189575954,3.91995330485545,893
238,1.16988645923291,0.0925175183533199,3.22162683178015,2.68734967047379,3.86212466404343,880
239,1.09181832615392,0.0933598302961268,2.97968719281574,2.48143350940944,3.57798656839415,906
240,1.03628909275076,0.095454378076796,2.81873750868606,2.33778044055559,3.39864300557901,904
241,1.13968815904384,0.0910149475995491,3.12579346276461,2.61509948218519,3.73621915281693,927
242,1.09781033906968,0.0955263908144719,2.99759511563164,2.4857689629199,3.61480757515926,865
243,1.1167141363205,0.0931763352185671,3.05480003753863,2.54490131973717,3.66686252114081,895
244,1.12856253092984,0.0968901477235469,3.09120978642634,2.55655674316217,3.73767488996894,819
245,1.13799029988884,0.0916544511870667,3.12049080857104,2.60739301294097,3.73455893992488,914
246,1.15833082556353,0.0956023754623278,3.1846131623718,2.64046123683631,3.84090508600048,829
247,0.980245972249716,0.0954842396878791,2.66511170483505,2.21023821954589,3.21359948282323,938
248,1.12594802354257,0.0922194872967929,3.08313835161488,2.57333095145589,3.69394464781941,910
249,1.22113016930094,0.0894703724488029,3.39101799322762,2.84559294282342,4.0409866278991,904
250,1.16233912986251,0.0941981287963175,3.19740367801565,2.6583727567299,3.8457324144278,846
251,1.18695311905127,0.091354911154173,3.2770811045731,2.73984344903289,3.91966211417692,886
252,1.07997273202127,0.0943069987771903,2.9445992567009,2.44766476024483,3.54242334301377,895
253,1.04339052839482,0.0955437986489807,2.83882583525889,2.35402851949147,3.42346409833399,894
254,1.03117904464092,0.0957956800149414,2.80437036407136,2.32430939832343,3.3835827298012,903
255,1.14126068576288,0.0943917338176937,3.13071272332364,2.60193731064325,3.76694784916146,858
256,1.25537459060026,0.0894250938340333,3.50915262376222,2.94498766126479,4.18139345669404,884
257,1.1772921493993,0.0932388634917878,3.24557376426338,2.70350028428933,3.89633732257727,863
258,1.05294891286199,0.0937818733173968,2.86609051961438,2.38485856037841,3.4444285305205,922
259,1.1912828849077,0.0904430729220491,3.29130086034029,2.75665425883281,3.92964091110337,905
260,1.0942770577713,0.0947752731817759,2.98702245795543,2.48065077669251,3.59675906345283,877
261,1.19924648464972,0.093093440232458,3.31761610599078,2.76429794400121,3.98168969108948,848
262,0.967701778212678,0.0973476018366365,2.63188883916844,2.17472883810223,3.18515059918185,913
263,1.25291106600394,0.0900024087102934,3.50051837966442,2.93441931818685,4.17582751395592,877
264,1.11507894761188,0.0956499523671696,3.0498089448115,2.52845510513983,3.67866314135638,849
265,1.13329248031834,0.096144638810328,3.10586568577246,2.57243379040635,3.74991251243634,834
266,0.997603054512696,0.0955838716448548,2.71177405759888,2.24849725988346,3.27050366956971,924
267,1.17327009905367,0.0912575530031795,3.23254611966652,2.70312519114359,3.86565685156089,898
268,1.13465574283463,0.0936317555049586,3.11010268345637,2.58866131225928,3.73657946516014,876
269,1.1249319434339,0.0925453151566152,3.0800072270696,2.56907640489498,3.69255056047613,903
270,1.18771655014242,0.091045164979892,3.27958388540533,2.74360104029729,3.92027496105805,894
271,1.00102547108411,0.0987685956318421,2.72107077762154,2.24216648856408,3.30226422283552,867
272,1.08464131530095,0.0969344031156187,2.95837850330895,2.44648763195703,3.57737486775661,848
273,0.986750733837579,0.0970610735672083,2.68250412653279,2.21779736482953,3.24458334335634,906
274,1.18013832406095,0.0903763124377853,3.25482439228057,2.7264598423408,3.88558146357631,914
275,1.24681302243157,0.0896480234208364,3.47923701933822,2.91860605899077,4.14755879761292,887
276,1.11195570784669,0.0942051849245137,3.04029851963878,2.52771804754194,3.65682204845055,876
277,1.08683615220728,0.0936906107402621,2.96487879255878,2.46750107864642,3.56251364209615,902
278,0.955367930018702,0.0992975597842216,2.59962688775154,2.13987686806057,3.15815365659135,883
279,1.20443219510428,0.0890442316698797,3.33486498771482,2.80081013146967,3.97075273376367,921
280,1.15954193294304,0.0914875820564467,3.18847240738196,2.66506798358318,3.81467052820447,900
281,1.19075936185095,0.0914268687178458,3.28957823940843,2.74990397240875,3.93516468275458,885
282,0.88340500179896,0.102865761560463,2.41912281616149,1.97741772434075,2.95949365055082,870
283,1.15745521828145,0.0934528857441474,3.1818259123425,2.64928800879423,3.82141016863693,869
284,0.943034092388196,0.100521795928736,2.56776043362248,2.10858054308,3.12693468889081,870
285,1.06035122194287,0.095628845894831,2.88738492414232,2.3938959134652,3.48260409037435,883
286,1.21284518301859,0.0915719525161065,3.36303951635809,2.81051419483994,4.02418703643307,867
287,1.06073409977499,0.0956493500819638,2.88849065148831,2.39471641910836,3.48407777102972,881
288,1.03741750164768,0.0940401657982397,2.82191999240273,2.34691608853799,3.3930622753892,927
289,1.08308979655847,0.0929160042481419,2.95379208249268,2.46200922484195,3.54380786983302,926
290,1.11591340177761,0.0949185753546195,3.05235493269755,2.53419596362077,3.67646021417043,862
291,1.08415125035091,0.0939894174953989,2.95692906088499,2.45944416968552,3.5550428746769,899
292,0.983740619117128,0.0966299050212998,2.67444162199337,2.21300093914637,3.23209893991709,916
293,1.11135532228974,0.0952804231369023,3.0384737161664,2.52088271649036,3.66233718984258,857
294,0.872307899949748,0.102332432740653,2.39242596667989,1.95764068753629,2.92377556437466,883
295,1.12482612871057,0.0949995478685407,3.07968133419944,2.55647776059889,3.70996269413844,857
296,0.964335528017482,0.0993558743144746,2.62304413794055,2.15890595854707,3.18696630686717,879
297,1.18510208488087,0.0916592585889282,3.2710207261835,2.73314576092881,3.91474788651081,885
298,1.16591879889823,0.0942007794890023,3.20886983523652,2.66789204351399,3.85954358405315,850
299,1.0508742802098,0.0979054257348773,2.86015059834607,2.36075898672506,3.46518280401322,847
300,0.96447666328871,0.0993419498410553,2.62341436811205,2.15926960665769,3.18732914389037,882
301,0.955294932586749,0.0993077842606971,2.59943712859074,2.13967778951691,3.15798641206707,884
302,0.927463501597672,0.100413890604023,2.52808854554208,2.07644208385372,3.07797252993419,880
303,1.00803357980134,0.0949021169326471,2.74020731460228,2.27511101395847,3.30038230263559,933
304,1.05170411388998,0.0974964674215085,2.8625250326995,2.36461341837946,3.4652808358192,856
305,1.15621856904906,0.0955739295799877,3.1778935417531,2.63503669847497,3.83258698771098,831
306,1.14270666872028,0.0913609927194077,3.1352429550957,2.62122669762206,3.75005656565096,915
307,1.11875285760855,0.0915081198916158,3.06103427618408,2.55844649993217,3.66235168107765,928
308,1.23970781040701,0.0924309498193801,3.45460391796759,2.88217863226139,4.14071775303991,835
309,1.0331710998088,0.0950871859260052,2.80996239251309,2.33218043735165,3.38562510896636,909
310,1.13488270636247,0.0926311742424561,3.11080864344391,2.59433167735134,3.73010532947936,896
311,1.20408157150122,0.0896503484568104,3.33369591030215,2.79650414454163,3.97407901005879,906
312,1.02012655016314,0.0984876611558028,2.77354573442131,2.28666467339506,3.36409445181367,856
313,1.14741478990174,0.0933826671851302,3.15003886199193,2.62318210692603,3.78271291415881,873
314,1.07191565681992,0.0965019171172573,2.92096971936017,2.41760015060364,3.5291460828577,859
315,1.11989326965773,0.0935523652861042,3.06452710781069,2.55112388943745,3.6812506179688,881
316,1.04837142606754,0.0948332720248943,2.8530010094948,2.36907984419315,3.43577055038028,907
317,1.20441191517733,0.0908570738142528,3.33479735758226,2.79081961849363,3.98480551822271,884
318,1.09547810061838,0.0926674298173456,2.9906121551712,2.49391377986675,3.58623507150099,921
319,0.98620384426742,0.0966756823117163,2.68103749408363,2.21825974262489,3.24036085881299,913
320,0.918799587767097,0.101264174759911,2.5062800142637,2.055101939499,3.05650994199779,873
321,1.07697304785692,0.0950055763526371,2.93577962361042,2.436994553877,3.53665213764821,891
322,1.13857166853622,0.0933152986760222,3.12230549154038,2.60043059278455,3.74891435655055,879
323,0.990122035713778,0.0962961394779125,2.69156291910975,2.22862559529708,3.25066308258068,918
324,1.1918699963053,0.0930317291883638,3.29323378795471,2.74431406277039,3.95194884188222,858
325,1.26758556952587,0.0872356246507846,3.55226550201669,2.99398982354317,4.21464030959354,921
326,1.24128989092633,0.0911254553485145,3.46007370520921,2.89413790863435,4.1366757298478,864
327,0.97499435956095,0.0985838809444882,2.65115225727772,2.18534454683212,3.2162472052553,891
328,0.993217431057763,0.095934684717345,2.69990727832033,2.23711905996702,3.25843154348456,921
329,0.922542672513151,0.10127056379252,2.51567881202907,2.06278294399659,3.06801057460288,870
330,1.04315955611837,0.0962672560345831,2.83817022091056,2.35015010691731,3.42753008803744,880
331,1.31575670755516,0.0860322609675485,3.72757059913987,3.14916259472379,4.41221504245342,917
332,1.03284659297818,0.0954698831235878,2.80905068845805,2.32967566996237,3.38706622216392,902
333,1.18517190890248,0.0916855179905882,3.27124912997933,2.73319593248907,3.91522274096364,880
334,1.15498174096924,0.0938116806219496,3.17396546346548,2.64088536276836,3.8146512928192,860
335,1.01993340881403,0.0988818720025882,2.77301009978462,2.2844573235259,3.3660445018247,855
336,1.11060357725435,0.0971177250695258,3.03619041697206,2.50993368846791,3.6727871698236,831
337,1.08121047150648,0.0946797495648962,2.94824615996154,2.44890643608678,3.54940282390597,891
338,1.22946690586684,0.0898305711262283,3.41940618494783,2.8673900384367,4.07769382641578,892
339,1.09584649818708,0.095866316953159,2.9917140923811,2.47923977198502,3.61012005038363,860
340,1.12972370197234,0.0946942468566905,3.09480129449067,2.57056672096095,3.72594687944946,857
341,1.17329247354181,0.0885236249775198,3.23261844704048,2.71770930119124,3.84508454217896,954
342,1.014879224098,0.0992694939958236,2.75903015289736,2.2712142289446,3.35162015435864,850
343,1.14712250175158,0.0970306694756379,3.14911827750457,2.60373221798568,3.8087426415092,811
344,1.04493127010774,0.094432781711904,2.84320310389326,2.36279778497418,3.42128469113857,917
345,1.07108256986027,0.0946204469316501,2.91853731092201,2.4245111141999,3.51322787730541,896
346,1.24681177559534,0.0876314784004952,3.47923268130216,2.93016060060023,4.13119337150371,928
347,1.04460341442046,0.0955061046914888,2.84227109637589,2.35705955028052,3.42736567021922,899
348,1.23137905885311,0.0913853881657293,3.42595086791905,2.86413673130158,4.09796753804468,861
349,1.05094112852205,0.0982807427013317,2.86034180097704,2.35918073469731,3.46796457689213,847
350,1.06157669047162,0.0934711612228095,2.89092549248168,2.4069889809738,3.47215972700433,926
351,0.841104022899842,0.103091187968203,2.31892571115867,1.89467819724894,2.83816875165436,895
352,1.20698824299664,0.0908754886510071,3.34339996559724,2.79791796921437,3.99522911427398,884
353,1.13898087827316,0.0904126086126928,3.12358343080397,2.61633745449955,3.72917240947398,937
354,1.32193951645878,0.0879327479624663,3.75068885004755,3.1569125138437,4.45614719704187,877
355,1.15848965913723,0.0924698295913275,3.18511902603423,2.6571446954023,3.81800179251031,883
356,1.1302776773734,0.0922553018315611,3.09651621324652,2.58431532532711,3.7102332540186,906
357,1.12662945457221,0.093937972697153,3.08524001374393,2.56642636377462,3.70893397790959,876
358,1.12852368786569,0.09158103392809,3.09108971669825,2.58319798313577,3.69883984853493,919
359,1.12033905634963,0.0928522496623349,3.06589353775785,2.55576602069995,3.67784183244248,901
360,1.02670870296661,0.0961488656301754,2.79186184985963,2.31234090263485,3.37082329851105,894
361,1.09668828297244,0.0930505309274015,2.99423353205043,2.49505954241072,3.59327474637852,910
362,1.0830894565837,0.0946803446752511,2.95379107827806,2.45350935871829,3.55608251629938,888
363,1.15964260550117,0.0884298603073003,3.1887934152138,2.68135768236015,3.79225923934199,963
364,1.21435042997281,0.0879558995620105,3.36810553319369,2.83476781570467,4.00178625560909,936
365,1.0741924905532,0.0932067765029301,2.92762785861284,2.43881085375933,3.51441968749406,922
366,1.03497420054276,0.094352510480818,2.81503360834798,2.33975606486023,3.38685486711283,927
367,1.29901927927169,0.0885889072206579,3.66569987633115,3.08141285724197,4.36077741148954,878
368,1.16863506422228,0.091564636690075,3.2175978255017,2.68900617600955,3.85009742968939,893
369,1.00330434902222,0.0952653224693317,2.72727883680257,2.26276552315542,3.28715007257971,927
370,1.28086143450092,0.0887682495572411,3.59973932997768,3.0249025085897,4.28381516660173,883
371,1.0376710762524,0.0954788382235958,2.82263565038185,2.34090122017042,3.40350628474044,899
372,0.953273837940019,0.0964561355326074,2.59418872567173,2.14732586914542,3.13404464646095,936
373,0.911860945553816,0.10125072224069,2.48895002677873,2.04094549118102,3.03529528964396,874
374,0.998589079072288,0.100891735414336,2.71444925210674,2.22742210782447,3.30796516582096,829
375,1.28119166209865,0.0876438355931527,3.60092825954694,3.0325774481067,4.27579659622514,902
376,1.02982812821162,0.0961973615419553,2.80058445187396,2.31934487464297,3.38167616115543,892
377,0.993224882566116,0.0999859977171114,2.69992739677692,2.2194422555543,3.28443235214788,853
378,1.12442817246538,0.0925367609408686,3.07845599961026,2.56782555641458,3.69062895174579,907
379,1.03434768403192,0.0977683756308583,2.81327049568107,2.32268812376105,3.40747033616118,861
380,1.17057048914642,0.0919017085431607,3.22383127476977,2.69243624298956,3.86010555133653,887
381,1.10794266245412,0.0927835490579224,3.02812211225155,2.52461922138329,3.63204219037936,904
382,1.26195865856903,0.0880368971888316,3.53233335115198,2.97251831418021,4.19757847887363,907
383,0.95933348652911,0.0993205382917534,2.60995632252314,2.14828276394304,3.17084516052055,881
384,1.15169481769134,0.090167284742266,3.16355000927705,2.65108817294649,3.77507197358645,932
385,1.15313937950359,0.093426158191319,3.1681232551845,2.63801693585487,3.80475379957646,868
386,1.11964060995178,0.0964662374004346,3.06375292309951,2.5359549162749,3.70139938748945,831
387,1.0591235670909,0.0934539924169262,2.88384238698208,2.40117237518539,3.46353597888299,927
388,0.962380894465816,0.0997630035251714,2.61792205538902,2.15297154223176,3.18328215383095,874
389,1.04058596488286,0.0954896458243665,2.83087532197551,2.34768491063235,3.41351390566779,901
390,1.00628540577802,0.0983825688930568,2.73542114010827,2.25569722091422,3.31716896415671,870
391,1.22322122472029,0.0895131664342869,3.39811621858432,2.85131029816115,4.04978505582251,897
392,0.915743646208896,0.0998973898902561,2.49863265989704,2.05432712219417,3.03903166231677,902
393,0.981314085351041,0.100787148038208,2.66795986637203,2.18972267872667,3.25064443900768,841
394,1.22824137922951,0.0901238165761722,3.41521817836531,2.86223258546319,4.07504102394576,887
395,1.02413822876171,0.0997561339368417,2.7846946564801,2.2901556827948,3.38602497117818,835
396,1.13784534187797,0.094405667371461,3.12003850121407,2.59299514418915,3.75420689501609,855
397,1.02365244714149,0.0953828771422868,2.78334223151624,2.30874813145892,3.35549550519674,911
398,1.02343205319554,0.0965257630484898,2.78272886733227,2.30307464881332,3.36227918321027,887
399,1.03299125966675,0.0965734053538085,2.80945709391513,2.32497866652465,3.39489100532199,884
400,1.26120693581304,0.0891793398848721,3.52967901357816,2.96364118221471,4.20382670265901,885
401,1.14994157335718,0.0914104965494495,3.1580083924711,2.64000363040672,3.77765276231134,914
402,1.2840716281361,0.0882010970229393,3.61131375840144,3.03800379871951,4.29281459987524,893
403,1.17938498227303,0.0906655509480777,3.25237332041685,2.72286263923728,3.88485708493998,905
404,1.13396565265926,0.0936330910459095,3.10795717253327,2.5868687473425,3.73401155208362,882
405,0.961895140887892,0.101991097576729,2.61665069919179,2.14254904539442,3.19566121312312,834
406,0.995867264959359,0.0987185319578852,2.70707107139668,2.23084959610287,3.28495197452785,868
407,1.19978211863292,0.0911249929706687,3.31939360992361,2.77647021558757,3.96848267117821,884
408,1.05349305900865,0.0979084877323294,2.86765051612116,2.36693518944643,3.47429009432792,851
409,1.134441904412,0.0943649134767091,3.1094376951069,2.58439147121378,3.74115256432524,857
410,1.14145905908861,0.0913568340851611,3.1313338348224,2.61797980758101,3.74535034865816,914
411,1.11207707586733,0.0941863325386946,3.04066753704527,2.52811826253275,3.65713076317021,878
412,1.11775935584713,0.0924970433709593,3.05799464342921,2.5509567430698,3.66581333244735,907
413,1.13099100061094,0.0926220278107607,3.09872581820445,2.58430124995953,3.71555045935811,895
414,1.12147711352607,0.0935485748078589,3.06938468608707,2.55518665580692,3.68705837194923,885
415,1.10918528573745,0.0959784823614107,3.03188726614245,2.51197907113893,3.6594016646918,847
416,1.13666812834984,0.0936500892641859,3.11636771075818,2.59378273656392,3.74424101593091,873
417,1.08148457431504,0.0926038432410942,2.94905439327874,2.45956468441977,3.53595978573269,926
418,0.950940003120374,0.098020714863821,2.58814137719613,2.13576080521122,3.13634175325743,912
419,1.12624237996326,0.0922430440714381,3.084046026768,2.57396969540809,3.69520274935309,903
420,1.21403561396335,0.0929133273156939,3.36704536653773,2.80647385291744,4.03958671788015,842
421,1.07755013849511,0.0925552934403917,2.93747432349765,2.45013983092127,3.52173998084163,931
422,1.167529404003,0.0931964598109679,3.21404222159153,2.67745763143359,3.85816278879528,861
423,1.02748303877133,0.0957768851916665,2.79402452566239,2.31581989986652,3.37097589085097,901
424,1.06015903271898,0.096375178236524,2.8868300531965,2.38993735516477,3.48703188308631,873
425,1.19849536821343,0.0937827313755315,3.31512512562952,2.75849321027851,3.9840789013472,834
426,1.03378574227246,0.0965875700666554,2.81169004561092,2.32676195837142,3.39768358518331,886
427,1.11652267717727,0.094907478470783,3.05421522412641,2.53579560901077,3.67862086444915,867
428,0.995732572947188,0.0991458537898464,2.70670647510164,2.22868175695917,3.28726159285887,862
429,1.11865984255949,0.0935628371087756,3.06074956717204,2.54792690867443,3.67678832585417,889
430,1.09704957356928,0.0948161878084771,2.99531551591383,2.48733849252175,3.60703421221053,876
431,1.19896987602088,0.0908316982682865,3.31669855165624,2.77581117212013,3.962981845828,891
432,0.920976762823829,0.0995035186380094,2.51174256890705,2.0667006565353,3.05261950370508,905
433,1.11111016554864,0.0952532527244343,3.03772890515367,2.52039899615687,3.66124447568689,861
434,1.01509424075223,0.0980606780088481,2.7596234541123,2.2770912104174,3.34440780134177,867
435,1.06983934073012,0.0980203658820924,2.91491115485811,2.40541622196503,3.53232299804445,839
436,1.00224275104907,0.0959982843714212,2.72438509938188,2.25711978954478,3.28838292239285,911
437,0.989024874076351,0.0986933409430954,2.68861145894069,2.21574675099848,3.26239069238835,873
438,1.16258967901365,0.0925039073683786,3.19820488515972,2.66788320842587,3.8339438754872,878
439,1.01282938660627,0.096442423769788,2.75338038198356,2.27915716337229,3.32627501504757,899
440,1.10499108300834,0.0941334360395453,3.0191975465272,2.5105276210174,3.63093150166647,881
441,1.0695229362034,0.0949765427654238,2.91398900966689,2.41904378763248,3.51020183754915,891
442,0.969127932650477,0.0993830889980526,2.63564499691008,2.16916143534466,3.20244700857564,876
443,1.04369487502211,0.0966790968240644,2.83968995381644,2.34951124855974,3.43213467854184,877
444,1.03312767100873,0.0943380914865859,2.80984036186799,2.33550562474265,3.38051117305805,928
445,1.25131252551972,0.0888116090624059,3.49492712942934,2.93657803666828,4.15943846460123,899
446,1.07209497448295,0.0922104852117944,2.92149354778846,2.4384576882537,3.50021433256118,940
447,1.1435711775873,0.0947611366113616,3.13795457237036,2.60606849698412,3.77839604356341,848
448,1.06831371193244,0.0935356117506169,2.91046747302396,2.42295357526784,3.49607231355809,916
449,1.05937218214184,0.0971703595455426,2.88455944273575,2.38433861847542,3.48972378092686,855
450,1.05008217327825,0.0991245490490499,2.85788595027197,2.35326006184347,3.47072227043352,827
451,0.962101651616374,0.100199249694435,2.61719112143344,2.15053087644624,3.18511556431553,864
452,1.13990076284957,0.0936767226659637,3.12645808899927,2.60204522352827,3.75656045247931,870
453,0.955091533144601,0.0972751600446617,2.59890845829633,2.14778208833489,3.14479071749809,918
454,1.08250992814714,0.0939657403890106,2.95207976827684,2.45552468945687,3.5490479878649,901
455,0.995619582922417,0.0975121784879022,2.70640066154723,2.23557669761017,3.27638257665385,890
456,1.09090441318181,0.0936773003507042,2.97696526203079,2.47762459934197,3.57694308237484,899
457,1.04592522676208,0.0970797012532813,2.84603052947447,2.35290917343652,3.44249997668652,864
458,1.02010217133527,0.0972880079816455,2.77347811945145,2.29199170460486,3.35611200669771,878
459,1.11528079467555,0.0917981570121526,3.05042460192397,2.54812988856516,3.65173309797901,926
460,1.08005950066056,0.0939985635445715,2.94485476665663,2.44935739283628,3.54058971633296,901
461,0.976098249279075,0.0998622625397262,2.65408045290088,2.18228351231378,3.22787713453507,863
462,1.14936167109787,0.0927391006401395,3.15617758716473,2.63161144131338,3.78530690562337,882
463,1.15610449648707,0.0924386858738536,3.17753105197051,2.65097633751612,3.80867359823254,885
464,1.0786350092357,0.0950258532009826,2.9406628326899,2.44095110225757,3.54267559377406,885
465,1.22694928576484,0.0923369502950723,3.41080824691195,2.84616418784781,4.08747076042707,844
466,1.21373574992602,0.0890983374849696,3.36603586208488,2.82668943905608,4.00829226879096,919
467,1.0396895345851,0.0951370789499684,2.82833877665563,2.34720271768888,3.40809942628662,905
468,1.01450972712618,0.0976272316256305,2.75801088792996,2.27769477802777,3.33961518080431,881
469,1.12462935685677,0.0925908395936255,3.07907539921165,2.56807000496089,3.69176280074763,896
470,1.20763900450969,0.0899788321475269,3.34557642972032,2.80466396753906,3.99081022776546,904
471,1.07590751006672,0.0953669973399054,2.93265310548518,2.43267537713873,3.53538919246495,878
472,1.35087887035444,0.0878975184600376,3.86081719783991,3.24983069078745,4.58667261571237,861
473,1.09144093948542,0.093357018510645,2.97856291075075,2.48051089621935,3.57661682793732,906
474,1.14134012777157,0.0904155245236082,3.13096144331028,2.62250234654504,3.73800220709441,931
475,1.04940535636892,0.0948678392263826,2.85595233916006,2.37136990748597,3.43955775849452,901
476,0.995109273889253,0.0971071574476283,2.70501991317643,2.23621061285084,3.27211251419327,898
477,1.04790998989109,0.0963007520211022,2.85168483530611,2.36118587973851,3.44407717736116,879
478,1.21158796129634,0.0912503436793298,3.35881408673285,2.80875289186395,4.01659829240027,873
479,1.22267558232502,0.088872128461779,3.39626256807257,2.85333764137051,4.0424936972235,918
480,1.05283158457578,0.0948389785480434,2.86575426585201,2.379643299499,3.45116745605445,907
481,1.03019939447576,0.096965864689318,2.80162440743907,2.31671397590703,3.38803123820465,880
482,1.01727696558462,0.101015598050487,2.76565353135924,2.26888842632737,3.37118360108212,819
483,1.02497979030423,0.0977079546297733,2.78703913478368,2.3013035384254,3.37529882917162,870
484,1.13520968503216,0.0965464526984272,3.11182597783005,2.57534141817278,3.76006880018588,825
485,1.23439147849568,0.0889830025865396,3.43628682991926,2.88633634779915,4.09102258178616,906
486,1.09645216304235,0.0940662865120343,2.9935266172998,2.48950931627223,3.59958548855757,892
487,1.1822001371523,0.0923046402010119,3.26154215482818,2.72178078581551,3.9083445967284,869
488,1.07990288633605,0.0961070609584863,2.94439359633045,2.43887412393064,3.5546949984198,869
489,1.18799507000666,0.0910998064434664,3.28049744187978,2.74407140122282,3.92178697004173,891
490,0.953099211965029,0.0992832163106988,2.59373575248779,2.13508761589131,3.15090823611234,890
491,1.09775007522948,0.094435407838177,2.99741447448171,2.49093981996361,3.60686896561142,880
492,1.1624456050696,0.0941863895612968,3.19774414035949,2.65871699491651,3.84605341853038,847
493,1.20121332076353,0.0955600917145454,3.3241477343755,2.75638208936451,4.00886299566014,805
494,1.11795097035503,0.0928633785099588,3.05858065571039,2.54961430041966,3.66914933993977,902
495,0.985915924732602,0.1008005710881,2.68026568213071,2.19976477848779,3.26572377058698,841
496,1.1030313762974,0.0920923192144345,3.0132865985875,2.51565635937182,3.60935470832524,921
497,0.913229484001169,0.0994424239035851,2.49235858242165,2.05099679126333,3.02869869413331,914
498,1.17751322550571,0.0922408673472505,3.24629136239324,2.70939252054328,3.8895831924109,882
499,1.00830089564349,0.100589516221152,2.74093991334152,2.25049246731202,3.3382700531861,826
500,0.873296593677789,0.100951609845818,2.39479251292989,1.96488766195541,2.91875779517984,911
501,1.20167838535599,0.0893200754184696,3.32569403732434,2.79159817507173,3.96197451648302,918
502,1.06958961279089,0.0949467477163708,2.91418331098763,2.41934636557878,3.51023089990968,894
503,1.07921248871666,0.095033761446982,2.94236149556048,2.4423232525146,3.54477695024327,884
504,1.09773926819081,0.0944277629246032,2.99738208148262,2.49095022393504,3.60677594279675,883
505,1.16502937017437,0.0918804291123775,3.20601704309965,2.67767006651948,3.83861529811466,890
506,1.13810383650176,0.0933486013667567,3.1208451186413,2.59904466200616,3.74740549746049,879
507,1.2155244225041,0.0906224269029738,3.37206198590278,2.82330371555543,4.02748098765338,887
508,1.0339604024258,0.0929558842938899,2.81218117871488,2.34379220269743,3.37417411527208,952
509,1.21430303525853,0.0906190664916465,3.36794590657703,2.81987604588003,4.02253838291995,890
510,1.14851089046998,0.0933952643210579,3.15349351435589,2.62599411827473,3.78695491961657,872
511,1.07791875126628,0.0922554489374209,2.93855731363804,2.45248401346515,3.5209685519356,934
512,1.11996637063532,0.0942686461236853,3.06475113592635,2.54773115343271,3.68669178947963,870
513,1.03423816285173,0.0947398796619484,2.81296239984798,2.33626011838377,3.38693341580157,918
514,1.14357479604886,0.091044743369886,3.13796592695888,2.6251298935125,3.75098778277199,920
515,1.02408810300203,0.0957729944162485,2.78455507504331,2.30798877070437,3.35952542939934,905
516,1.09508960551199,0.0951341287883188,2.98945054263879,2.48092168766869,3.60221549567783,871
517,1.18250852048407,0.0923141419546379,3.26254811516732,2.72256956393347,3.90962285951784,871
518,1.3089199325602,0.0878198388702945,3.7021729555898,3.1167668897245,4.39753278895748,889
519,1.09692492500882,0.0970113572770226,2.9949421774152,2.47635113118372,3.6221352186727,843
520,1.22821681977866,0.0913521125088415,3.41513430351227,2.85528016416558,4.08476283952845,864
521,1.22542725868174,0.0913303342578893,3.40562085306328,2.84744782431484,4.07321015534683,867
522,1.08272674793202,0.0961881444081164,2.952719906972,2.44538224749832,3.56531370829572,860
523,1.21958285754305,0.0912814585674935,3.38577508846562,2.83112592614691,4.04908621117954,870
524,0.932366615889237,0.101360435606544,2.54051449064072,2.08278056826753,3.09884486896481,863
525,0.984040344773519,0.0962883707946234,2.67524334090586,2.21514664314547,3.23090435353681,917
526,1.0949662570325,0.093051259158066,2.98908182120094,2.49076312734258,3.58709747858134,906
527,0.923117644702747,0.0999472147603976,2.51712567329658,2.06932962758377,3.06182329325987,893
528,1.1278854962487,0.0918908563611945,3.08911763850251,2.57998278717123,3.69872536823013,917
529,0.959812997079336,0.101086938227432,2.61120812421749,2.14188490662189,3.18336799839221,852
530,1.16520155796411,0.0918868696578744,3.20656912761793,2.67809736183516,3.83932478210823,888
531,1.12626709724893,0.0929123678929108,3.08412225695678,2.57065878455295,3.70014494067144,892
532,1.0535009091483,0.0952331227909702,2.86767302766653,2.37939777117525,3.45614705251417,892
533,1.05864990198768,0.0945180472453969,2.88247673493657,2.39503521306913,3.4691231603244,910
534,1.17476937045806,0.0912738746679238,3.23739621852587,2.7070943480312,3.8715807165524,898
535,1.0599227015374,0.0952816463342201,2.88614788585088,2.39449919912158,3.47874395700667,890
536,1.13011867990213,0.0926001574941295,3.09602391413707,2.5821585753692,3.71215159608782,895
537,1.18061029387449,0.0919611499693806,3.25636093371417,2.71928710432639,3.89950973317566,878
538,1.20586914652597,0.0905613215971012,3.33966047131339,2.79651001854574,3.98830398950376,892
539,0.922038938033474,0.0986860004263785,2.51441189699284,2.0722146848713,3.05097113435995,915
540,1.24365938566319,0.0870891115864325,3.46828205262035,2.92404480076202,4.11381535378447,936
541,1.06352497265569,0.0921218861485042,2.8965633213716,2.41806925595531,3.469743082855,950
542,1.05034369013485,0.0944647735888869,2.85863343335764,2.3754719560769,3.44006801907518,911
543,1.10027516596494,0.0940962170833432,3.00499278193186,2.4988983366187,3.61358502950593,891
544,1.13020109223449,0.092915830607688,3.09627907520294,2.58077414634866,3.7147551734054,893
545,1.11668681887576,0.0931576969599706,3.05471658934721,2.54492476569233,3.6666284076553,902
546,1.27401687046554,0.0881475837486526,3.57518481196927,3.00792592863033,4.24942194156891,901
547,1.15292351179363,0.0917638143246106,3.16743943348271,2.64605470645837,3.79155901058808,899
548,1.23623557758515,0.0889609933084495,3.44262952981954,2.89178869036522,4.09839699528277,907
549,1.11653937750791,0.0921539939644511,3.05426623095644,2.54956018622914,3.65888291633468,914
550,1.13380329635472,0.0950955622930469,3.10745261705207,2.57904562877199,3.7441221122643,846
551,1.14589058289542,0.0913896727439192,3.1452412079261,2.62943794903167,3.76222692749966,909
552,1.09770189384109,0.0926993476276023,2.99727005836987,2.49930954342981,3.59444384406753,917
553,0.975736176855369,0.0990258730185132,2.65311965750784,2.18507255118823,3.22142343201681,873
554,1.14454561633662,0.0944152783497511,3.14101380717567,2.61037808548068,3.77951676492543,857
555,1.00208660475514,0.096765091775338,2.72395972995616,2.25337819432966,3.29281459681035,900
556,1.12686934627617,0.0946610469161015,3.08598022600979,2.5634066680995,3.71508511460024,858
557,1.15570856408119,0.0924387349124573,3.17627321348229,2.64992668314146,3.80716628534229,882
558,0.954915717173037,0.100165747928147,2.59845156884614,2.13527289620615,3.16210193443447,869
559,1.2277125177242,0.0901059665457824,3.4134124784632,2.86081934624041,4.07274397226101,886
560,0.998149756962042,0.0971281556625622,2.71325699644446,2.24292780895191,3.28221153590977,894
561,1.11973276695475,0.0915440263361038,3.06403528239724,2.56077455259304,3.66620021363011,924
562,1.19686859726313,0.0917675338972514,3.30973656054747,2.76490848250353,3.96192357524462,869
563,1.21240209076474,0.0900300143391334,3.36154970968426,2.81777200950968,4.01026641351463,897
564,1.22638415635836,0.0894933421190859,3.40888124342622,2.86045421583955,4.06245667818614,900
565,1.16701638652203,0.0931755226812583,3.21239378462193,2.6761942192465,3.85602575226514,867
566,1.18435012706818,0.0916675696577388,3.26856198114512,2.73104683567826,3.91186898921637,880
567,1.19928870155897,0.0911663533052638,3.31775616844534,2.77487564193968,3.96684659553344,880
568,1.2252964277072,0.0916497010823461,3.40517532151343,2.84529375234905,4.07522736823612,863
569,1.23312358935087,0.090775312468862,3.43193275997143,2.87257042159605,4.10021713668589,868
570,1.00791986854734,0.0945304327451968,2.73989573990742,2.2765101284694,3.29760389452346,940
571,1.05941120697789,0.0945296044793576,2.88467201439163,2.39680496709697,3.47184386917101,902
572,1.15325424133616,0.0930741676744646,3.1684871725271,2.64014073593376,3.80256659269269,876
573,1.06342457219618,0.0987923507821673,2.89627251968169,2.38642187980078,3.5150509552668,826
574,1.04816064130783,0.0955454488220276,2.85239970373781,2.36527667574155,3.43984454475406,893
575,1.03739883714079,0.0966151811026199,2.82186732314911,2.33505760679272,3.41016648424108,879
576,1.10133008616318,0.0923938759606968,3.00816448216428,2.50989624814298,3.6053496468031,921
577,1.24848977913848,0.087933287921895,3.48507574704026,2.93334585562314,4.140579924909,918
578,1.16116324114615,0.0948877677348252,3.19364609679067,2.65166205460258,3.84640847194039,841
579,1.21127690132343,0.0873612420582625,3.35776945659376,2.82936417493513,3.98485844399738,953
580,1.00021418561199,0.0983481916850072,2.71886410767172,2.24219494435452,3.2968685682741,870
581,1.0308819815287,0.0981603510548533,2.80353741280886,2.31287474403793,3.39829125865111,857
582,1.073659706147,0.0968813856452834,2.9260684795859,2.42001969728614,3.53793680143497,857
583,1.08455312654749,0.0926153893352918,2.95811761910016,2.46706774842345,3.54690699273364,924
584,0.995631966001361,0.0991466436009811,2.70643417532778,2.22845409772041,3.28693597632324,859
585,0.996843697771763,0.0948459076188032,2.70971563532568,2.25004256712118,3.26329774006139,937
586,1.10140155116588,0.0940889624697185,3.00837946832903,2.50175021613637,3.61760617310578,890
587,1.23306132338316,0.0901473792686888,3.43171907400976,2.87592886836055,4.09491901294339,884
588,1.11911305568328,0.0953118696893564,3.06213705343426,2.54035852791802,3.6910866048895,854
589,0.947338711968756,0.100106344477885,2.57883748961471,2.11940180659756,3.1378678536274,874
590,0.932344252721638,0.0995639719887176,2.54045767732464,2.09008023139252,3.08788395456846,899
591,0.949093746244874,0.0984522449127402,2.58336741172307,2.13001898327817,3.13320549551234,903
592,1.10513474177428,0.0920816061057334,3.01963131187722,2.52100620661551,3.61687854466279,920
593,1.25137904817264,0.0905957330922856,3.49515962898691,2.92652196173716,4.17428640270599,864
594,1.13104028730765,0.0929265385809123,3.09887854792777,2.58288662006941,3.7179519148033,892
595,1.23362697486561,0.087802232825529,3.43366078010401,2.89081295179208,4.07844663402231,933
596,0.944425465784422,0.101873014873399,2.57133563382014,2.10593179181707,3.13959215936827,845
597,1.20577260744962,0.0931649988254613,3.33933807913813,2.78200687608523,4.00832179914437,842
598,1.17295217988436,0.0900092468837928,3.231518594633,2.70888550548782,3.85498479219715,921
599,1.17749106764897,0.0903543804772432,3.24621943233119,2.71936864095386,3.87514235625969,912
600,1.21882045172598,0.0939421409944718,3.3831947376051,2.81425405954013,4.06715470259612,821
601,1.1303968069694,0.0932410773857809,3.09688512194556,2.57963432247567,3.71785154778201,888
602,1.1429159804796,0.0913851462957976,3.13589926699903,2.62165129634089,3.75101914830948,911
603,0.883945869260994,0.10102568810206,2.42043159488542,1.98563578798143,2.95043488890541,900
604,1.20739842126427,0.0903125274815114,3.34477163689875,2.80215599765872,3.99246055977963,891
605,1.04779222697732,0.0967144268614445,2.85134903236369,2.35899441653176,3.44646483577291,871
606,1.23040093735896,0.0892252012322136,3.42260151004374,2.8734768898681,4.0766644540828,903
607,1.11670051450873,0.093200977712734,3.05475842591093,2.54474374378444,3.66698967763108,892
608,1.12801996138236,0.0912472485762054,3.08953304504689,2.58358673404495,3.69455931579753,926
609,1.1216597119315,0.0935738706763608,3.0699452020095,2.55552656784601,3.68791452294894,884
610,0.989984429863766,0.0962767095016306,2.69119256978811,2.22840380505424,3.25009203056285,921
611,1.22231431032087,0.090071774929031,3.39503581509707,2.84560834838874,4.05054623638503,893
612,0.970401427594349,0.102977597279969,2.63900361562555,2.15667793714807,3.2291980009283,814
613,1.07093659998711,0.0935275273963999,2.91811132349233,2.42935554589247,3.50519861561304,918
614,1.19857374642884,0.0908166840479376,3.31538496940363,2.77479346249709,3.96129573026159,892
615,1.04359374235103,0.0959222039579258,2.83940278290778,2.35276134150347,3.42670037175657,888
616,1.11861663295187,0.0915317662990477,3.06061731624149,2.55797944503761,3.66202252901198,923
617,0.987108157556293,0.0978535608879934,2.68346308850083,2.21514685706398,3.25078859868044,888
618,1.085817077568,0.098597446741481,2.96185889878267,2.44139508725759,3.59327672202059,816
619,1.24570862371907,0.0893703916566804,3.47539667547932,2.91697136658312,4.14072698494846,891
620,0.990123522857067,0.0978706655231083,2.69156692185246,2.22176193005716,3.2607150193738,887
621,1.11628401031091,0.0918194196449079,3.05348637112969,2.55058119988965,3.65555075018907,921
622,1.12962494024863,0.0919194941644568,3.09449566167295,2.58432936803983,3.70537266593688,913
623,1.16587625774904,0.0922172432293529,3.20873332912974,2.67817015212711,3.84440457201367,883
624,1.06765937611991,0.0964469416725599,2.9085636728554,2.40759143697937,3.51377833843268,865
625,0.942126401235186,0.101875919140321,2.56543075766691,2.10108372014225,3.13240015582902,847
626,1.09052500201239,0.0943930178693464,2.9758359824036,2.47321292966162,3.58060549011428,892
627,1.18871874510942,0.0923459645009404,3.28287231541791,2.73935907983705,3.93422341695286,867
628,1.26524665400062,0.0898066399521688,3.54396676189347,2.97198141693355,4.22603598321439,871
629,1.33640508882585,0.0877762275396992,3.80533903113712,3.20389367684199,4.51968966590953,871
630,1.17968828169273,0.0888578310019315,3.25335991296649,2.73335593148557,3.87229142073158,939
631,1.17450689288147,0.0929033525357703,3.23654658612156,2.69775425059613,3.88294589910123,866
632,0.978095218213236,0.0990326840619324,2.65938586472226,2.19020407443283,3.22907497983539,873
633,1.33039900516541,0.0885689001647461,3.78255234443184,3.1797645421198,4.49961059972968,858
634,1.2815552696457,0.0911555970568968,3.60223782230752,3.0128714147638,4.30689383718028,837
635,1.16717229375187,0.0928494830251242,3.21289465908199,2.6783224607097,3.85416328384233,873
636,1.26635666326917,0.0889394226800772,3.54790278195183,2.98034360633759,4.22354460184202,889
637,1.03976139333569,0.094758961574626,2.82854202484886,2.34911166415479,3.40581936074747,913
638,1.08120581543301,0.094671949848621,2.94823243274276,2.44893247076871,3.54933203803201,889
639,1.1588076904909,0.0959669342433011,3.18613215484451,2.63983378689655,3.84548381739912,820
640,1.16908603264864,0.0915629728127459,3.21904918776442,2.69022787956379,3.85182153228111,895
641,1.23735382811237,0.0875629623839019,3.44648140538583,2.902967749062,4.09175543941483,935
642,0.817271117893749,0.102475802273001,2.26431235744511,1.85228911963154,2.76798605451967,918
643,1.19757845569727,0.0884103587148512,3.31208683904355,2.78513775891094,3.93873487739257,938
644,0.99782028403671,0.0955960181260308,2.71236319897378,2.24893221271406,3.27129207432571,924
645,0.896851978946937,0.0968758708243563,2.45187240338056,2.02785535893298,2.96454984127784,972
646,1.20779867680399,0.0902779555209822,3.346110668235,2.80346775658064,3.99378825663123,894
647,1.18681438367546,0.0910546611554434,3.27662648903084,2.74107595379405,3.91681271500631,893
648,1.05466772031211,0.0963462445776192,2.8710210134231,2.37698422275344,3.46773932305231,875
649,1.01630653844063,0.0968524653696646,2.76297096792825,2.28525860843959,3.3405447162179,888
650,0.982131453732102,0.0970321003739517,2.67014146387169,2.20770172650234,3.22944687296248,905
651,1.094629543263,0.0937337503825228,2.98807552561986,2.48659615283662,3.5906897614327,895
652,1.22899210455924,0.0898158087629028,3.41778303178811,2.86611184707472,4.07564026655174,892
653,1.15702491924496,0.092461712058133,3.18045707024499,2.65329773240299,3.81235285137424,883
654,0.978623635886502,0.0947189801175952,2.66079150256245,2.2099675810273,3.20358157327244,953
655,1.15998541673958,0.0928049635513496,3.1898867568277,2.65937472824588,3.82622930620102,877
656,1.0416599383008,0.0970398564019344,2.833917239998,2.34307768383334,3.42758030541216,869
657,1.09668445132381,0.0955078364622134,2.99422205922161,2.48306213807722,3.61060869256849,866
658,1.10812478948764,0.0945460690247135,3.02867366537384,2.51637128956379,3.64527453057975,873
659,1.11287731178668,0.0928116465050058,3.04310176227452,2.53696840610831,3.65021035077209,906
660,1.39523835713388,0.0863947685101642,4.03593645223748,3.40725752347456,4.78061400826808,865
661,1.09134361393602,0.0947444142199828,2.97827303458545,2.47353419054347,3.5860067358074,882
662,1.20776780017433,0.0928153915464418,3.34600735321014,2.789473798988,4.0135760414018,850
663,1.10118112184643,0.095569558530958,3.00771640637199,2.49395107281261,3.62731974968417,861
664,0.947723739948322,0.101908838361346,2.57983060537937,2.11274085310386,3.15018566648834,844
665,1.07970531711847,0.0950403069278068,2.94381193225272,2.44349584784282,3.5465698458723,880
666,1.05458707864605,0.0971383614003414,2.87078949884028,2.37310539042757,3.47284717311553,858
667,1.03917792115979,0.0955089629990913,2.82689213065947,2.34429283490993,3.40883997057964,898
668,1.1466301050531,0.092390505331121,3.14756804375789,2.626226544839,3.77240288335188,887
669,1.02268852968649,0.0969192690461609,2.78066061199363,2.29958863582127,3.36237243420336,882
670,1.18358841695941,0.0910274201134909,3.2660732324158,2.73239346425953,3.90398912127166,894
671,1.04991516761155,0.0951941297260441,2.85740870697575,2.37106234561407,3.44351321415224,900
672,1.07672343121822,0.0918913611362549,2.93504689562316,2.45130288475078,3.51425371915351,946
673,1.23145149939999,0.0914210466387317,3.4261990546628,2.86414403836543,4.09855084274032,855
674,0.852871324834997,0.103171999433345,2.34637439189124,1.91680151962749,2.87221850074122,882
675,1.12040026583354,0.092199268240312,3.06608120526245,2.55919567758755,3.67336270516269,910
676,0.935892146327012,0.0987381692464911,2.54948695886649,2.10090644211935,3.09384731424469,910
677,0.999921459664616,0.0971328742491821,2.71806834207633,2.24688435262337,3.28806220203179,896
678,0.93765874626522,0.100520124359913,2.55399486302971,2.09728347249044,3.11016123759202,873
679,1.09402591629599,0.0951684361215079,2.98627238691946,2.47811752398335,3.59862786271051,868
680,0.962969861803698,0.0972962731086798,2.61946438011762,2.16468027308579,3.16979543076986,919
681,1.12472882702125,0.0935750157416003,3.07938169058123,2.56337606821281,3.69925884612718,882
682,1.1311523669519,0.0919447278718511,3.09922588859756,2.58815175212938,3.71122021753581,905
683,1.12954693780722,0.0957489328994166,3.09425429287019,2.56480506521074,3.73299700582076,842
684,1.09533525721335,0.0937123381865139,2.99018499645695,2.48845602895251,3.5930738614658,898
685,1.04579106724172,0.0951833311087981,2.8456487329951,2.36135395987659,3.42926848290877,900
686,1.12328496748775,0.094978831335341,3.07493870426592,2.55264449529526,3.70409904411655,860
687,1.13616514241606,0.0933154357665807,3.11480061578157,2.59417941559098,3.7399043480819,881
688,1.10981046326564,0.0924441290882265,3.03378332655468,2.53102231872863,3.63641252958386,911
689,1.13337693384853,0.0929425587034019,3.10612799817037,2.58884768167416,3.72676662644697,890
690,1.119458808124,0.091529614686246,3.06319597784659,2.56014541553121,3.66509243645778,925
691,1.13703278809807,0.0936446080722725,3.11750433185036,2.59475663236276,3.74556640028928,875
692,0.997722072055264,0.0983595417100741,2.71209682549036,2.23656434251869,3.28873578595623,872
693,1.13944841319766,0.0933413770767234,3.12504415659102,2.6025784778867,3.75239442868734,878
694,1.14557688691661,0.0947894783145741,3.14425471314462,2.61115570794541,3.78619232512612,849
695,1.03884967810036,0.0982134688462054,2.82596437521081,2.3311339345096,3.42583260950239,849
696,1.08970605287369,0.0947478472116996,2.97339992172993,2.46947032599337,3.58016332550467,882
697,1.0809483185686,0.0943104142590265,2.94747336986812,2.45003743309415,3.54590470689673,898
698,0.968287503850399,0.0993825088051121,2.63343085549233,2.16734164005638,3.19975307191471,874
699,0.909348578786169,0.103501873393173,2.48270471998077,2.02686169669759,3.04106725025078,846
700,1.04654665729819,0.0978491873606558,2.84779968940025,2.35082369241843,3.44983892118466,854
701,1.10711541050071,0.0921082165757178,3.02561812817469,2.52587269130222,3.62423850143444,919
702,1.06210553956241,0.0967716721170769,2.89245476014018,2.39273376619227,3.49654218019061,865
703,1.17479999125473,0.0932592433308184,3.23749535169495,2.69666340558579,3.88679437357127,861
704,1.13938924988428,0.0903875896027522,3.12485927409345,2.61753446184171,3.73051267337175,935
705,1.01506217254681,0.0964410385106697,2.75953495935944,2.28425792073664,3.33370112140014,903
706,1.04495154788597,0.0955554013206375,2.84326075831981,2.35765245795667,3.42889034069412,891
707,1.07177701650585,0.0976269087122326,2.92056478327177,2.41194093721796,3.53644590614471,846
708,1.13730590436682,0.0897439256651018,3.11835588928309,2.61538428866387,3.71805531385001,954
709,1.19317119236142,0.0910915637674917,3.29752171988654,2.75835643581419,3.94207556062779,888
710,1.25371829568698,0.0903119703973883,3.50334524281694,2.93500772802717,4.18173614098725,870
711,1.13442505039128,0.0946946569927587,3.10938528902118,2.58267822743288,3.74350810444991,857
712,0.979399377101983,0.0977963778006839,2.662856389002,2.1983827992323,3.22546380499562,894
713,1.05046308751851,0.0944629062897481,2.8589747670872,2.37576429304519,3.44046618714202,910
714,1.24206225457164,0.0881544750011286,3.46274717266082,2.91328892717111,4.11583549779037,918
715,0.97631407836333,0.0954567489198199,2.65465334247546,2.20168348546738,3.2008162913663,941
716,1.12545722663314,0.09428844727036,3.08162552811549,2.56165943637932,3.70713443038917,869
717,1.05957419979778,0.095988351445078,2.88514223353784,2.390351647654,3.48235194428959,884
718,1.1825261389616,0.0923151115439586,3.26260559680436,2.72261235793779,3.9096991715566,873
719,1.17423883852347,0.0919372642076005,3.2356791319719,2.7021428647352,3.87456177159028,885
720,1.19474726275388,0.0890020476428442,3.30272294390869,2.77404475311145,3.93215676567084,928
721,1.11954984799122,0.092164573353467,3.06347486349634,2.55719410222772,3.66999056938939,916
722,0.969371282720062,0.101149470132448,2.63628645935028,2.16219079408254,3.21433534671146,842
723,1.23964338834836,0.0896118116972141,3.45438137243987,2.89796122772593,4.1176364100714,889
724,1.03000822209189,0.0977512496419613,2.80108886541446,2.31270837244864,3.39260190580864,861
725,1.05373193041558,0.0952243205099894,2.86833559765445,2.37998858573852,3.45688594897977,895
726,1.00141326331334,0.0959971511932528,2.72212619235187,2.25525332153804,3.28564908266476,914
727,1.24427480190527,0.0878872812133285,3.47041714664602,2.92127129352769,4.12279242890542,923
728,1.05835684783955,0.0952365587941815,2.88163213693504,2.39096397774089,3.47299409356333,897
729,1.0284854579155,0.098131655761181,2.79682671358495,2.30746829398046,3.38996626139065,861
730,1.13178777274086,0.0936239855843452,3.10119578044252,2.58128705457238,3.72582167938225,875
731,1.32386041403594,0.0874211444459996,3.75790046334009,3.16615563797643,4.46024059050908,885
732,1.03234455980504,0.0977400759024691,2.80764080576096,2.31816872471984,3.4004629646303,868
733,1.15378880472594,0.0921110443376016,3.1701813825615,2.64654356950278,3.79742472942841,890
734,1.17410313040937,0.0897066938694796,3.23524005385297,2.71361377057148,3.85713631009851,929
735,0.99748108914196,0.100012302012112,2.71144333523934,2.22879388227306,3.29861142328509,847
736,1.11234268579125,0.0931388728245805,3.0414752757854,2.53398674112161,3.65059994320228,899
737,0.931263315352324,0.0991206431736746,2.53771308531933,2.08963712104459,3.08186892285951,908
738,1.06472570718993,0.096063599136085,2.90004341389773,2.40234300366629,3.5008538704325,869
739,1.06334601489539,0.0949353197040038,2.89604500526678,2.40434185084669,3.48830457265349,895
740,1.25328877523661,0.0885268699613608,3.50184080750643,2.94402972743047,4.16534144572659,903
741,1.08655274601962,0.0933338226319292,2.9640386466202,2.46852749036834,3.55901448654605,910
742,1.07650534831181,0.0939538990393307,2.93440688185627,2.44088112272071,3.52771942399535,904
743,1.14224941485516,0.0923725866131063,3.13380968084646,2.61483885406789,3.75578139375161,891
744,0.947279461221948,0.0988210954558167,2.57868469609416,2.12462150924479,3.12978793302055,898
745,1.16258251990361,0.0932294838775102,3.19818198894095,2.66407282550675,3.83937253383481,862
746,1.14998774134301,0.0914193501028251,3.15815419472349,2.64007970410518,3.77789272882203,909
747,1.13194041892875,0.092942629946461,3.10166920228842,2.58513107224487,3.72141743361214,890
748,1.11218774289955,0.0938429253275274,3.04100405731804,2.53010040836754,3.65507457571281,882
749,1.13606356073077,0.0943458283178242,3.11448422515571,2.58868269702135,3.74708418297268,861
750,1.03876319808261,0.0958500368459688,2.82571999632857,2.3417548353454,3.40970513955336,901
751,1.12026844930459,0.0942344322279331,3.06567707171683,2.54867178803435,3.68755834006335,873
752,1.20034262765568,0.0934491678158814,3.32125468151704,2.76540092469165,3.98883668585192,841
753,1.16542205711549,0.0935310877960693,3.20727625134662,2.67006947747638,3.85256677372096,856
754,1.1393823074613,0.0906889361303005,3.12483758007391,2.61597076702965,3.7326907566821,931
755,1.07153417908559,0.0953359017767716,2.91985564696001,2.42220733216712,3.51974700343119,882
756,1.0784110742225,0.0961367887212474,2.94000438904668,2.4350966086055,3.54960282769382,867
757,1.14752978545849,0.0892387972375441,3.15040112329348,2.64487804593215,3.75254626689258,954
758,1.1618152179237,0.0924888107060351,3.19572895879653,2.66589671638967,3.83086243188051,877
759,1.17888322876377,0.0926137496025803,3.25074184002466,2.71112482965695,3.89776317006547,866
760,0.953636579971458,0.0976430453740291,2.59512991765464,2.14311360602587,3.14248356716601,914
761,1.12212252843033,0.0960886726019896,3.07136635214001,2.54413876710478,3.70785249257172,838
762,1.06222397358022,0.0971604862528569,2.89279734546524,2.39119423199408,3.49962222640199,856
763,1.06447203878602,0.0935073512195494,2.89930785781125,2.41379693183116,3.48247441344997,919
764,1.13005258078569,0.0919259082764685,3.09581927645513,2.58540226597474,3.70700417439984,914
765,1.14639232941812,0.0955046423216176,3.14681971773804,2.60962535819815,3.79459614953396,836
766,1.12078637950149,0.0931971130258668,3.06726528970375,2.55518184799796,3.68197526324511,893
767,0.954205588503386,0.099289032378052,2.59660698891246,2.13742676869573,3.15443221429444,889
768,1.14884525001092,0.0937633692392088,3.15454809129381,2.62497775896628,3.79095541906771,863
769,1.1168040145068,0.0956802418092058,3.05507460976437,2.53267026414836,3.68523332995556,845
770,1.12173951446015,0.0953623244532941,3.0701902011751,2.54678758155062,3.70115982175965,853
771,1.14743177710646,0.0948141526663984,3.15009237280146,2.61587710074973,3.79340526140846,845
772,1.13743012648098,0.091962620131613,3.11874328210523,2.60435932146097,3.73472261662427,907
773,1.14083983701518,0.0933398157357447,3.12939544400174,2.60621026355076,3.75760773484042,877
774,1.12630134866602,0.0972849479342115,3.08422789432365,2.54880941605806,3.73211964935216,813
775,1.08703013160217,0.0954509978390419,2.96545397373771,2.45947918360805,3.57552010562502,873
776,1.05591684168598,0.0971398443216214,2.87460950790178,2.37625625080815,3.47747841593641,856
777,1.10220995330723,0.0927118222896183,3.01081243200724,2.51054063072744,3.61077267174231,914
778,1.12895796787044,0.0950186653779374,3.09243240668572,2.56696638274095,3.72546296446187,851
779,1.2343699193096,0.0901739267526475,3.43621274717062,2.87954492793717,4.10049446676857,878
780,1.09572464521011,0.0955191868582203,2.9913495653225,2.48062483771814,3.60722511759831,861
781,1.08726705619307,0.0966047447098991,2.96615664594414,2.45450530494114,3.58446373310631,853
782,1.23947743348251,0.0924371098575641,3.45380814860858,2.88147993166757,4.13981391863855,836
783,1.06785551870743,0.0953249953231308,2.90913422201283,2.41336481141304,3.50674787403196,884
784,1.00923684686397,0.0956677448588549,2.7435065003114,2.27443464188628,3.30931818335681,922
785,1.02419084259947,0.0985402798703849,2.78484117380734,2.29574048531947,3.37814331059002,850
786,1.09719931379437,0.095143092682383,2.99576406871576,2.48611755495647,3.60988656289245,874
787,1.06217414773439,0.0968025115256246,2.89265321298149,2.39275330065079,3.49699344612598,859
788,1.25090802511088,0.0921883391701016,3.49351371585906,2.91602737086066,4.18536472080273,830
789,1.07031619286541,0.0964688807846942,2.91630146792701,2.41389267165678,3.52327771308736,861
790,1.16973661403888,0.0915791059850278,3.22114412264916,2.69189354101406,3.85445014848863,893
791,1.11955423175245,0.0942333548813071,3.06348829306813,2.54685750963952,3.68491778053724,871
792,1.12477791712148,0.0918880519057507,3.07953286144754,2.57199186838098,3.68722885998273,916
793,1.13189328106267,0.0903588961404196,3.10152299966678,2.59813297085158,3.70244518867298,938
794,1.18570256631307,0.092002450973065,3.27298550324095,2.73294853528099,3.91973502835244,874
795,1.05578455113689,0.0944995484638655,2.87422924938443,2.38826900917106,3.45907171524381,910
796,1.05765697715245,0.0948679335118407,2.87961607264582,2.39101806575965,3.46805774686006,902
797,1.17412309455115,0.0922468516374769,3.23530464328884,2.70019120630937,3.87646478902246,881
798,1.13856189978178,0.0933145384853995,3.12227499065371,2.60040906440754,3.74887214888351,882
799,1.20688280128977,0.0912078262418899,3.34304745038336,2.79580127402564,3.99741081719394,873
800,1.26788803451122,0.089223416857131,3.55334010045572,2.98325012119756,4.23237253215568,882
801,1.17279814257304,0.0925681117703274,3.23102085853316,2.69491853953451,3.87377044431167,874
802,1.16241323241562,0.0948945675826327,3.1976406225705,2.65494329758799,3.8512707824692,836
803,1.06248146754106,0.0979945103778521,2.89354231922063,2.38790343359063,3.50625030951568,840
804,1.14379916295939,0.092053381824039,3.13867006166859,2.62053330852001,3.75925378394766,899
805,1.09281071780918,0.0933609661468171,2.982645677266,2.48389175591886,3.58154706819043,909
806,1.03983843321579,0.0940140674847481,2.82875994378143,2.35272503780503,3.40111262088138,932
807,1.08477714121829,0.0947028348038494,2.9587803550733,2.45754527427531,3.56224614911692,885
808,1.08193722778031,0.0961780307917193,2.95038959513823,2.44350076627314,3.56242931586086,857
809,0.925103387712378,0.100406751573556,2.52212900402712,2.07157620834084,3.07067376394014,883
810,0.986739803536743,0.0982582406001565,2.68247480611594,2.21257543177447,3.25216983887228,880
811,1.2080662547262,0.0896853694276182,3.34700613337311,2.80747684686037,3.99021992625335,907
812,1.01561586814087,0.0972891497785894,2.76106332479365,2.28172705956845,3.3410966712918,879
813,1.04606000761905,0.0963204687304076,2.84641414575968,2.35673069037631,3.43784443520236,878
814,1.05833476690859,0.0948579770290525,2.88156850851726,2.39268591390032,3.47034143555556,905
815,1.05815235168921,0.0948860930605158,2.88104291450524,2.39211766673387,3.46989965863762,898
816,1.0339043304804,0.095860832600322,2.81202349866612,2.33035484752208,3.39324981577747,891
817,1.02452871176561,0.0961369812336852,2.78578224474305,2.30735925503101,3.36340459258969,900
818,1.13645071524491,0.0926260021180939,3.11569024522568,2.59842914401607,3.73592088379625,893
819,1.02713374157523,0.0973266903383579,2.79304875115732,2.3079898105065,3.38005015915972,874
820,1.26782561992865,0.0892335227336415,3.55311832713761,2.9830048432757,4.23219220548693,880
821,1.06476277463078,0.0964722372989177,2.90015091307777,2.4005086778905,3.50378875781322,860
822,1.2533925360367,0.0903260594275575,3.502204180162,2.93397075688696,4.18048956035205,865
823,1.05963103889103,0.0931258381539407,2.88530622706686,2.40393685593789,3.46306601331374,933
824,0.914229334694103,0.099895130346352,2.49485181509983,2.05122766931592,3.03441966604452,898
825,1.06517392688297,0.097196301773356,2.90134356182066,2.39809021294943,3.51020758863158,854
826,1.11834843792131,0.0925037825986476,3.05979658394991,2.55242619434917,3.66802188281835,909
827,1.09081616011983,0.0926368195736138,2.97670254732385,2.48246329198086,3.5693410186033,926
828,1.12399294877643,0.0925662141606989,3.07711647415158,2.56656005633558,3.68923601539016,900
829,1.27648616942058,0.0875757283208166,3.58402392079934,3.01874413630471,4.25515607976829,910
830,1.12307046408287,0.0915464177796186,3.07427919018061,2.56932387932725,3.67847456493194,923
831,1.19409301903897,0.090765407098934,3.30056286486665,2.76266581917438,3.94318963565139,897
832,1.04757386014904,0.0963281296401136,2.85072646029622,2.36026569506757,3.44310446422023,879
833,1.05767455922404,0.0979605555600398,2.87966670270686,2.376610703154,3.48920431422516,842
834,1.09966976444357,0.0944794888522245,3.00317410530032,2.49551062857656,3.61411191900667,879
835,1.01986251528783,0.0942545953140427,2.77281351828871,2.30510655488254,3.33541839570033,938
836,0.891646596924759,0.103897132062815,2.43914263125862,1.98975588425821,2.99002346101427,844
837,1.04470817845007,0.0966599532457416,2.84256887974741,2.35198146938168,3.435485330687,874
838,0.983604215073224,0.0970461578900432,2.67407684222022,2.21089462380902,3.23429569238311,908
839,0.92369958377524,0.105129799735892,2.51859091337512,2.0496088346777,3.09488331705655,804
840,1.02227548872641,0.0942748130819624,2.77951232242642,2.31058387061201,3.3436088811933,933
841,1.04437667617448,0.0982504018119362,2.84162671786827,2.34388410482063,3.4450689720944,845
842,1.15931264793362,0.0924476610835489,3.18774142226117,2.65944794493158,3.82097923539582,883
843,1.1079473868033,0.0956084156427825,3.02813641819155,2.51069180709639,3.65222451487687,854
844,1.11395718635708,0.0941961223535983,3.04638970544636,2.53282727565754,3.66408334537547,876
845,0.941125286800433,0.101399077475185,2.56286375305113,2.10094395661581,3.12634261186265,859
846,0.960751577516266,0.100199373257662,2.61366010358956,2.14762893930146,3.18081909406462,865
847,0.989599944780763,0.0959314769951425,2.6901580452819,2.22905494660343,3.24664509487412,922
848,1.13029195541162,0.0946653066478397,3.09656042573901,2.57217376355637,3.72785330684478,860
849,0.943960245590801,0.0992396088808656,2.57013967477243,2.1158448443779,3.12197653121466,891
850,1.05711036579954,0.0948795951416666,2.87804247192167,2.38965684575785,3.4662418099441,899
851,1.20026612969252,0.091795606649867,3.32100062201643,2.77416568161809,3.97562597090474,871
852,0.984936434234737,0.101702534301965,2.67764167266926,2.19372964567989,3.26829923702516,825
853,1.06301679329544,0.0960371020379463,2.895091721626,2.39836566416441,3.4946948256731,873
854,1.05910558857531,0.0975627740893761,2.88379054024282,2.38187040889826,3.49147789440009,850
855,1.18421990880164,0.0926605217377844,3.26813638238081,2.72538205895065,3.91897913129785,861
856,1.18278574982831,0.0897744577177422,3.2634527146268,2.73691410309735,3.89128895516026,923
857,1.03163158056081,0.0933085278316148,2.80563972958885,2.33672464985801,3.36865291027153,946
858,1.08406046182929,0.0958037724381259,2.95666061785298,2.45049125883711,3.56738346959507,864
859,1.04711335265433,0.0927005969173069,2.8494139816222,2.37601216479628,3.41713740314972,949
860,1.07783693746974,0.0961287016023832,2.93831690894219,2.43373750697076,3.54750922506917,866
861,1.07757713944309,0.0946457068197705,2.93755363915986,2.44018770051013,3.53629410603838,892
862,1.11909548869632,0.0915179712028456,3.06208326138505,2.55927383794526,3.66367747000547,923
863,1.07759278853874,0.0961320209002909,2.93759960957743,2.43312755583014,3.54666628369398,865
864,1.17672004899752,0.0929410760219625,3.24371750124389,2.70353151615426,3.89183671986295,864
865,1.00653810737472,0.0948972790742684,2.73611247274476,2.27173273150564,3.29541911321044,935
866,1.0453695153844,0.0963092984962792,2.84444939729528,2.35515550928608,3.43539623683962,880
867,1.17181230437587,0.0926082882665387,3.2278371643165,2.69205110250856,3.87025816472576,869
868,0.937614704881694,0.0987839618749626,2.55388238403931,2.10433961822716,3.09945940997924,906
869,1.18835627547905,0.0913990950218105,3.28168258953597,2.74345298641468,3.92550580301277,882
870,0.99772670010622,0.0987565318603041,2.71210937724171,2.23483512198848,3.29131093464188,864
871,1.12497519354705,0.0932440369817026,3.08014044061139,2.56567150399383,3.69777078598,889
872,1.00161915569934,0.0996001494187701,2.72268671511033,2.23984451381829,3.30961497680087,851
873,1.22741181390713,0.0913492416103024,3.41238620661136,2.85299862515255,4.0814529388176,863
874,1.07433042117328,0.0957352982021864,2.92803169598886,2.42708921307102,3.53236690540413,871
875,1.00472201151978,0.0976007798291161,2.73114793962289,2.25562703407116,3.30691597300259,880
876,1.04608861089651,0.0955427686587773,2.84649556369764,2.36039322363457,3.43270642917451,892
877,1.15525019142279,0.0941521345675462,3.17481763031086,2.63983231633932,3.8182224391093,852
878,0.961047253574541,0.0980995325989022,2.61443301456667,2.15712367594602,3.16869174627111,903
879,1.07404904738694,0.094996775486706,2.92720794052107,2.42992110266329,3.5262652427925,883
880,1.13330751313204,0.0891634073533962,3.10591237602364,2.60791342083434,3.69900764744352,965
881,1.03804666102247,0.0936890382064622,2.82369598845454,2.35000985177416,3.39286196149126,934
882,1.01122129695804,0.0988278461452783,2.74895625764131,2.2648811334472,3.33649320259194,858
883,1.08080316706349,0.0943253414487803,2.94704557072082,2.44961016359069,3.54549377896703,893
884,1.12374435395991,0.0928872796972203,3.07635161402037,2.56430793456516,3.69064070875349,896
885,1.33528774925509,0.0872359758011356,3.80108954975643,3.20370636468558,4.50986455079991,881
886,0.991764401501922,0.0991206550733185,2.69598708201717,2.21996512751492,3.27408131610598,863
887,1.02589509382508,0.0939492716275962,2.78959128933634,2.32044251116495,3.35359291346304,939
888,1.09961898064504,0.0982508521235218,3.00302159658414,2.4770066842563,3.64074056274029,816
889,1.05545756043866,0.0967313080056645,2.87328955679904,2.37706772690534,3.47309956033876,870
890,1.06249797327716,0.095653530831634,2.89359007966071,2.39892446626435,3.49025726606108,879
891,1.10916876685046,0.0931150146741145,3.031837183153,2.52607494182538,3.63886144189642,899
892,1.15250776605125,0.0941263079465332,3.16612285772334,2.6327359548421,3.80757285278136,858
893,1.06919595589397,0.0949625814020133,2.91303634839805,2.41831911067081,3.50895823865626,888
894,1.18670005236443,0.0907230531254607,3.27625188944323,2.74254449057744,3.91382035185156,901
895,1.11109433420357,0.0979308356337502,3.03768081419983,2.50716698231365,3.68045080126353,814
896,1.16921143725321,0.0909180465855001,3.21945289666785,2.69396837912546,3.84743823801961,906
897,1.12949863652001,0.0943121148002363,3.0941048400143,2.57191379271246,3.72231946036702,867
898,0.880704127112378,0.101485490197788,2.41259788406202,1.97742643977549,2.94353733372828,895
899,1.22659337627335,0.0919915318317072,3.4095945238838,2.84707823294695,4.0832509211611,852
900,1.01768473934675,0.0961070110128733,2.76678152227137,2.29175628224532,3.34026792084642,898
901,1.28341646447745,0.088472657976615,3.60894853175682,3.03439857332924,4.29228698541724,888
902,1.0761305245053,0.0939118803417509,2.93330720240485,2.4401673458426,3.52610699357961,908
903,1.17428918959667,0.0925988383174977,3.23584205599039,2.69877725383487,3.87978437139916,866
904,1.15976659544468,0.0921576326085411,3.1891888180417,2.66216833598332,3.82054176651657,887
905,1.20004241607753,0.0908303268525333,3.32025775206005,2.77879740711953,3.96722391919254,889
906,1.15133898158083,0.0917403259874563,3.16242450420589,2.64198689733817,3.78538165911342,902
907,1.0428673691288,0.0982347966944836,2.83734106563792,2.34042071414603,3.43976801867128,847
908,1.27284975124965,0.0881195856866246,3.5710145791277,3.00458224083865,4.2442323431903,900
909,1.05251559573267,0.0944884620309423,2.86484886253311,2.38052633691457,3.44770770979787,909
910,1.12805679236182,0.0915776148526512,3.08964683767056,2.58200948379662,3.69708850468328,919
911,1.13926981153212,0.0933353658888822,3.12448606833899,2.60214435207652,3.75168010316339,878
912,1.02008874207549,0.0964961440121473,2.77344087394338,2.29552086724015,3.35086227750466,892
913,0.956365436296612,0.101953302506617,2.60222132566122,2.13089192302848,3.17780350779222,838
914,1.04183753843684,0.0982457942309153,2.83442058878143,2.3379613229305,3.43630153130079,850
915,1.07248158009017,0.0946319506203252,2.92262323193256,2.42785066290245,3.51822568263751,893
916,1.01978969947454,0.0980836856539945,2.77261162096803,2.28770517497123,3.36029978199603,864
917,1.00917325955852,0.0968537136316679,2.74333205367191,2.26900967338884,3.31680858172086,893
918,1.02916939616577,0.0981435771494025,2.79874022464087,2.30899304822717,3.39236484537574,856
919,1.14925405918375,0.0944768288968122,3.15583796312741,2.62238150733314,3.79781249282999,853
920,1.15320603342962,0.0927549144019924,3.16833443007534,2.64166590247852,3.80000478159726,879
921,0.9978281665955,0.0948350112524336,2.71238457942042,2.25230685543073,3.26644217635734,940
922,1.00560836907505,0.0967835568223131,2.73356978638627,2.26124621394767,3.30455115013707,898
923,1.02715183634794,0.0969352531596442,2.79309929119689,2.30980298108504,3.37751908468825,878
924,1.07850202375571,0.0942898415272799,2.94027179323346,2.44414979477167,3.5370983548461,900
925,1.0519740335933,0.0975121569013717,2.86329778889345,2.36517902797636,3.46632290025704,853
926,1.03939165042272,0.0966275818316471,2.82749638480205,2.33965871424518,3.4170521355923,880
927,1.07755816553508,0.0932571501002007,2.93749790281609,2.44679134238436,3.52661617669458,917
928,1.00801597946372,0.0968266427102105,2.74015908645282,2.26650556564467,3.31279655028524,891
929,1.13705178545592,0.0954557203666536,3.11756355675831,2.58561143374063,3.75895712851435,841
930,1.26732211141011,0.0926461388702254,3.5513297521117,2.96162770021327,4.25844984071615,817
931,1.08992349597569,0.095100248385838,2.9740465373309,2.46830192440366,3.58341608000278,879
932,1.08452648259487,0.0950555842454119,2.95803880420444,2.45523127115117,3.56381643961251,882
933,1.07457813128598,0.0946208978113362,2.92875708889011,2.4329988214296,3.52553318570207,894
934,1.00927373784451,0.0988184619680612,2.74360771282322,2.26051601259542,3.32994026139211,860
935,0.974145803325417,0.0961943978620002,2.64890355970656,2.19374087351298,3.19850450586254,928
936,1.21085636544214,0.0900169808207147,3.35635769092602,2.81349174279845,4.00397014786806,894
937,1.03311724559361,0.0940017385796478,2.8098110682685,2.33702142556612,3.37824812087535,928
938,1.18070876065019,0.0913295965126869,3.25668159286268,2.7229232861953,3.89506933634924,892
939,1.03408868830072,0.095065558598892,2.81254196497922,2.33442035253255,3.38858950410855,917
940,1.02485113809529,0.0981088132362217,2.78668059910628,2.29920037073156,3.37751718392621,862
941,1.16460463836345,0.0909015826439517,3.20465563481227,2.68167288403056,3.8296310481756,905
942,1.20030838157423,0.0914520904492647,3.32114094350626,2.77615139422701,3.97311803296118,879
943,1.18398512070098,0.0913348849473269,3.26736915291859,2.73183087794335,3.90789242029548,891
944,0.955390442262143,0.103845899376314,2.59968541184364,2.12093328278818,3.18650487283036,810
945,1.14023871765399,0.0907204145173328,3.12751486909316,2.61805054110814,3.736119338727,927
946,1.14733659835226,0.0917351980077521,3.1497925652017,2.63146023394276,3.77022349637973,906
947,1.16355589322588,0.0902466820011674,3.20129652952822,2.68230271275114,3.82070950502755,925
948,1.24796307993881,0.0890854830483881,3.48324064374965,2.92518796927376,4.14775580568307,894
949,1.08476433710552,0.0929501648071212,2.95874247075851,2.46597030210222,3.54998476697279,915
950,1.24060018365615,0.0920952078991295,3.457688090002,2.88665067203419,4.14168816600061,843
951,1.07300793463264,0.0949800995596919,2.92416197287272,2.42747193599075,3.52248078209192,887
952,1.02730897400111,0.0950414642298598,2.79353822675034,2.31875667731174,3.36553459906921,913
953,1.07321649093177,0.0931994528006141,2.92477188887054,2.43646670974878,3.51094089145563,923
954,1.09643913704628,0.0974205542485108,2.9934876238878,2.47316414049968,3.62328080357778,832
955,1.15699279154707,0.0945092620785054,3.18035489112246,2.64258615458217,3.82756006495683,849
956,1.10938449186782,0.0941488878018868,3.03249129683377,2.52150529529922,3.64702921009781,884
957,1.08588290129727,0.0932957987304287,2.96205386579761,2.46705836578932,3.55636624797867,913
958,1.10912110696024,0.0927823136523896,3.03169268956898,2.52760221893575,3.63631606869532,908
959,1.00585747178362,0.0956472165752951,2.7342508108431,2.26685265103376,3.29802093364418,916
960,1.02693680307348,0.0985460856000625,2.79249874648126,2.30202696620091,3.38747085225016,851
961,1.01588866555775,0.0960926938474955,2.76181663848285,2.28770800787825,3.3341803754383,902
962,1.22278328349562,0.0903561317204674,3.39662836922506,2.84535693322283,4.05470545502243,889
963,1.25068502568726,0.0888173749597322,3.49273475117157,2.93470274734937,4.15687621278164,902
964,1.23210473876999,0.0910836347402665,3.42843791395067,2.86791158769325,4.09851774380139,865
965,1.11508978731079,0.0967981153936892,3.04984200400137,2.52279891913293,3.68699073827414,828
966,1.11769049408156,0.0938499268712176,3.0577840717692,2.5440263864651,3.67529341649527,884
967,1.15153770351156,0.0917587640378331,3.16305300975599,2.64241647709873,3.78627079767209,902
968,1.06815344538823,0.0953144653135062,2.91000105983625,2.41413374773646,3.50772038880943,890
969,1.1729723300055,0.0909481431225298,3.23158371078018,2.70395967512639,3.86216309948914,904
970,0.972616565241015,0.0977614656212589,2.64485585124493,2.18367145428655,3.20344091146718,899
971,0.949314484409672,0.0976104581400865,2.58393772244689,2.13400714690833,3.12873092442874,918
972,1.14222095017058,0.0940644275891224,3.13372047921191,2.60610836277377,3.76814877773545,862
973,1.3274337167297,0.0868927034949932,3.77135259915156,3.18078221899625,4.47157316907271,894
974,1.14653500222179,0.0917073896620771,3.14726871535891,2.62949502320442,3.76699719119677,907
975,1.04833757849999,0.097873098631575,2.85290444398467,2.35492723788458,3.45618481776054,851
976,1.10304410620607,0.094513969259129,3.01332495769485,2.5037763456586,3.62657284322184,874
977,1.18643702169862,0.0936870466344728,3.27539024805142,2.7259412586117,3.93558784259868,841
978,1.16594141566659,0.0945895289876928,3.208942410323,2.66592035118619,3.86257278398728,838
979,1.06716209087496,0.0942396368614554,2.90711764663046,2.41682766193285,3.49687035797634,907
980,1.09404270471784,0.0944201805287207,2.98632252214089,2.48179614852088,3.59341447586701,885
981,1.00925077112349,0.0972004144701275,2.74354470187389,2.26764411888124,3.31932046501802,888
982,1.25524459706025,0.0894222266254057,3.50869648623832,2.94462140439847,4.18082644313864,882
983,1.10571277007829,0.0967011864770093,3.02137724879502,2.49972800341477,3.65188551197002,840
984,1.01467799038099,0.0938612665834887,2.7584749988641,2.29495512130423,3.31561355981288,947
985,1.13429033354161,0.0919542339372508,3.10896643064488,2.59623766937471,3.72295355733157,909
986,1.16218595904099,0.0931446655276456,3.19691396657325,2.66345930703786,3.83721233610191,869
987,1.08659411325658,0.0958107460743286,2.96416126324538,2.45667424324924,3.57648231900034,866
988,1.07700694414606,0.0939258967431941,2.93587913733193,2.44223980060612,3.52929565183635,909
989,1.13097619657438,0.0909477011822525,3.09867994489371,2.5927574912246,3.70332259510758,931
990,1.16790574392673,0.0896726579016057,3.21525202162983,2.69702837227642,3.83305035603651,932
991,1.03356609366747,0.0929522798265119,2.81107252963548,2.34288475863264,3.37282008334165,950
992,1.12597570654936,0.0922550156861868,3.08322370333621,2.57322299899526,3.69430415029171,910
993,1.13150283111001,0.0906473890179257,3.10031224654304,2.5956506395531,3.70309312031285,936
994,1.06308024376955,0.0938360061236827,2.89527542239624,2.40888756900803,3.4798717380503,916
995,1.12863826796362,0.0932757349708856,3.09144391435231,2.57492700666879,3.71157141574663,884
996,1.14129225724261,0.0923442363343718,3.13081156611723,2.61248239848805,3.7519797523636,894
997,1.14300073063427,0.0923548425055626,3.13616504620919,2.61689517025473,3.75847351810691,890
998,1.12479431686162,0.0925579389840076,3.07958336540033,2.56865930085566,3.69213375292365,901
999,1.16215804609684,0.0928315748893571,3.19682473253766,2.66501984117945,3.83475132629467,871
1000,1.06975681649894,0.0980128986946596,2.91467061398145,2.40525292665657,3.53197981545164,837
